submission.id	sample.id	bioinformatics.id	popmap_initial	popmap.adjusted	region	year	location	number	PIT_tag	adult.yoy	species	subregion	project	up.down.lower	latitude	longitude	CG_Family	Lngth.cm	Wt.g	Tag#	Sex	Comments
P1A1	2016-BJANE-004	Golden1A01	BJANE	IMlow	Itk	2016	BJANE	4		yoy	AG	Itk	LandscapeGenomics	down	68.59256	-149.73114						
P1B1	2016-BJANE-008	Golden1B01	BJANE	IMlow	Itk	2016	BJANE	8		yoy	AG	Itk	LandscapeGenomics	down	68.59193	-149.72536						
P1C1	2016-BJANE-011	Golden1C01	BJANE	IMlow	Itk	2016	BJANE	11		yoy	AG	Itk	LandscapeGenomics	down	68.59194	-149.72585						
P1D1	2016-BJANE-012	Golden1D01	BJANE	IMlow	Itk	2016	BJANE	12		yoy	AG	Itk	LandscapeGenomics	down	68.59144	-149.72534						
P1E1	2016-BJANE-013	Golden1E01	BJANE	IMlow	Itk	2016	BJANE	13		yoy	AG	Itk	LandscapeGenomics	down	68.59314	-149.73141						
P1F1	2015-IMR1-001	Golden1F01	IMR1	IMup	Itk	2015	IMR1	1		yoy	AG	Itk	LandscapeGenomics	up	68.563894	-149.650939						Lat, Long estimated from 2015 IMR1 reach starting location.
P1G1	2016-IMR1-001	Golden1G01	IMR1	IMup	Itk	2016	IMR1	1		yoy	AG	Itk	LandscapeGenomics	up	68.56351	-149.64786						
P1H1	2016-IMR1-002	Golden1H01	IMR1	IMup	Itk	2016	IMR1	2		yoy	AG	Itk	LandscapeGenomics	up	68.56366	-149.64935						
P1A2	2015_IMR2_004	Golden1A02	IMR2	IMup	Itk	2015	IMR2	4		yoy	AG	Itk	LandscapeGenomics	up	68.586878	-149.722825						Lat, Long estimated: ~30 m downstream from 2015 IMR2 reach starting location.
P1B2	2015_IMR2_002	Golden1B02	IMR2	IMup	Itk	2015	IMR2	2		yoy	AG	Itk	LandscapeGenomics	up	68.58677	-149.72253						Lat, Long estimated from 2015 IMR2 reach starting location.
P1C2	2015_IMR2_000	Golden1C02	IMR2	IMup	Itk	2015	IMR2	0		yoy	AG	Itk	LandscapeGenomics	up	68.586303	-149.721571						Lat, Long estimated: ~30 m upstream from 2015 IMR2 reach starting location.
P1D2	2016-IMR3-001	Golden1D02	IMR3	IMlow	Itk	2016	IMR3	1		yoy	AG	Itk	LandscapeGenomics	down	68.62383	-149.77771						
P1E2	2016-IMR3-004	Golden1E02	IMR3	IMlow	Itk	2016	IMR3	4		yoy	AG	Itk	LandscapeGenomics	down	68.62362	-149.77643						
P1F2	2016-IMR3-005	Golden1F02	IMR3	IMlow	Itk	2016	IMR3	5		yoy	AG	Itk	LandscapeGenomics	down	68.62302	-149.77655						
P1G2	2016-IMR3-006	Golden1G02	IMR3	IMlow	Itk	2016	IMR3	6		yoy	AG	Itk	LandscapeGenomics	down	68.62131	-149.77341						
P1H2	2016-IMR3-007	Golden1H02	IMR3	IMlow	Itk	2016	IMR3	7		yoy	AG	Itk	LandscapeGenomics	down	68.62155	-149.77492						
P1A3	2016-IMR3-010	Golden1A03	IMR3	IMlow	Itk	2016	IMR3	10		yoy	AG	Itk	LandscapeGenomics	down	68.62204	-149.77617						
P1B3	2016-IMR3-011	Golden1B03	IMR3	IMlow	Itk	2016	IMR3	11		yoy	AG	Itk	LandscapeGenomics	down	68.62199	-149.77505						
P1C3	2016-IMR3-013	Golden1C03	IMR3	IMlow	Itk	2016	IMR3	13		yoy	AG	Itk	LandscapeGenomics	down	68.6225	-149.77594						
P1D3	2016-LIMS-001	Golden1D03	LIMS	IMlow	Itk	2016	LIMS	1		yoy	AG	Itk	LandscapeGenomics	down	68.60576	-149.73741						
P1E3	2016-LIMS-003	Golden1E03	LIMS	IMlow	Itk	2016	LIMS	3		yoy	AG	Itk	LandscapeGenomics	down	68.60623	-149.73811						
P1F3	2016-LIMS-005	Golden1F03	LIMS	IMlow	Itk	2016	LIMS	5		yoy	AG	Itk	LandscapeGenomics	down	68.60754	-149.73795						
P1G3	2016-LIMS-007	Golden1G03	LIMS	IMlow	Itk	2016	LIMS	7		yoy	AG	Itk	LandscapeGenomics	down	68.60713	-149.73813						
P1H3	2016-LIMS-010	Golden1H03	LIMS	IMlow	Itk	2016	LIMS	10		yoy	AG	Itk	LandscapeGenomics	down	68.60783	-149.73798						
P1A4	2016-LIMS-013	Golden1A04	LIMS	IMlow	Itk	2016	LIMS	13		yoy	AG	Itk	LandscapeGenomics	down	68.60555	-149.7361						
P1B4	2016-LIMS-014	Golden1B04	LIMS	IMlow	Itk	2016	LIMS	14		yoy	AG	Itk	LandscapeGenomics	down	68.60491	-149.73471						Whole Fish in ethanol, DNA, Otoliths
P1C4	2016-LIMS-015	Golden1C04	LIMS	IMlow	Itk	2016	LIMS	15		yoy	AG	Itk	LandscapeGenomics	down	68.604453	-149.734594						Lat, Long estimated: ~30 m upstream from 2016_LIMS_14 location.
P1D4	2017-Itk3-001	Golden1D04	Itk3	Itk3	Itk	2017	Itk3	1		yoy	AG	Itk	LandscapeGenomics	lower	68.93862	-150.12836						
P1E4	2017-Itk3-002	Golden1E04	Itk3	Itk3	Itk	2017	Itk3	2		yoy	AG	Itk	LandscapeGenomics	lower	68.939	-150.12973						
P1F4	2017-Itk3-003	Golden1F04	Itk3	Itk3	Itk	2017	Itk3	3		yoy	AG	Itk	LandscapeGenomics	lower	68.93885	-150.13402						
P1G4	2017-Itk3-004	Golden1G04	Itk3	Itk3	Itk	2017	Itk3	4		yoy	AG	Itk	LandscapeGenomics	lower	68.93971	-150.12683						
P1H4	2017-Itk3-005	Golden1H04	Itk3	Itk3	Itk	2017	Itk3	5		yoy	AG	Itk	LandscapeGenomics	lower	68.93867	-150.13306						
P1A5	2017-Itk3-007	Golden1A05	Itk3	Itk3	Itk	2017	Itk3	7		yoy	AG	Itk	LandscapeGenomics	lower	68.93901	-150.12854						
P1B5	2017-Itk3-009	Golden1B05	Itk3	Itk3	Itk	2017	Itk3	9		yoy	AG	Itk	LandscapeGenomics	lower	68.93854	-150.13164						
P1C5	2017-Itk3-010	Golden1C05	Itk3	Itk3	Itk	2017	Itk3	10		yoy	AG	Itk	LandscapeGenomics	lower	68.94015	-150.13855						
P1D5	2017-Itk4-001	Golden1D05	Itk4	Itk4	Itk	2017	Itk4	1		yoy	AG	Itk	LandscapeGenomics	lower	69.45402	-150.71362						
P1E5	2017-Itk4-002	Golden1E05	Itk4	Itk4	Itk	2017	Itk4	2		yoy	AG	Itk	LandscapeGenomics	lower	69.45439	-150.71405						
P1F5	2017-Itk4-004	Golden1F05	Itk4	Itk4	Itk	2017	Itk4	4		yoy	AG	Itk	LandscapeGenomics	lower	69.45472	-150.71474						
P1G5	2017-Itk4-005	Golden1G05	Itk4	Itk4	Itk	2017	Itk4	5		yoy	AG	Itk	LandscapeGenomics	lower	69.45518	-150.71516						
P1H5	2017-Itk4-006	Golden1H05	Itk4	Itk4	Itk	2017	Itk4	6		yoy	AG	Itk	LandscapeGenomics	lower	69.45569	-150.71569						
P1A6	2017-Itk4-008	Golden1A06	Itk4	Itk4	Itk	2017	Itk4	8		yoy	AG	Itk	LandscapeGenomics	lower	69.45316	-150.70602						
P1B6	2017-Itk4-009	Golden1B06	Itk4	Itk4	Itk	2017	Itk4	9		yoy	AG	Itk	LandscapeGenomics	lower	69.45325	-150.70831						
P1C6	2017-Itk4-010	Golden1C06	Itk4	Itk4	Itk	2017	Itk4	10		yoy	AG	Itk	LandscapeGenomics	lower	69.45026	-150.71449						
P1D6	2017-Itk4-012	Golden1D06	Itk4	Itk4	Itk	2017	Itk4	12		yoy	AG	Itk	LandscapeGenomics	lower	69.45257	-150.70667						
P1E6	2017-Itk4-013	Golden1E06	Itk4	Itk4	Itk	2017	Itk4	13		yoy	AG	Itk	LandscapeGenomics	lower	69.4513	-150.71255						
P1F6	2017-Itk4-014	Golden1F06	Itk4	Itk4	Itk	2017	Itk4	14		yoy	AG	Itk	LandscapeGenomics	lower	69.45274	-150.70538						
P1G6	2017-Itk4-015	Golden1G06	Itk4	Itk4	Itk	2017	Itk4	15		yoy	AG	Itk	LandscapeGenomics	lower	69.45324	-150.70741						
P1H6	2017-Itk4-016	Golden1H06	Itk4	Itk4	Itk	2017	Itk4	16		yoy	AG	Itk	LandscapeGenomics	lower	69.45306	-150.70657						
P1A7	2017-Itk4-018	Golden1A07	Itk4	Itk4	Itk	2017	Itk4	18		yoy	AG	Itk	LandscapeGenomics	lower	69.45268	-150.71251						
P1B7	2017-Itk4-019	Golden1B07	Itk4	Itk4	Itk	2017	Itk4	19		yoy	AG	Itk	LandscapeGenomics	lower	69.44877	-150.71442						
P1C7	2017-Itk4-020	Golden1C07	Itk4	Itk4	Itk	2017	Itk4	20		yoy	AG	Itk	LandscapeGenomics	lower	69.45343	-150.70804						
P1D7	2017-Itk4-021	Golden1D07	Itk4	Itk4	Itk	2017	Itk4	21		yoy	AG	Itk	LandscapeGenomics	lower	69.4507	-150.71315						
P1E7	2017-Itk4-023	Golden1E07	Itk4	Itk4	Itk	2017	Itk4	23		yoy	AG	Itk	LandscapeGenomics	lower	79.45206	-150.71223						
P1F7	2017-Itk4.5-002	Golden1F07	Itk4.5	Itk4.5	Itk	2017	Itk4.5	2		yoy	AG	Itk	LandscapeGenomics	lower	69.93535	-150.85599						
P1G7	2017-Itk4.5-004	Golden1G07	Itk4.5	Itk4.5	Itk	2017	Itk4.5	4		yoy	AG	Itk	LandscapeGenomics	lower	69.93463	-150.85895						
P1H7	2017-Itk4.5-005	Golden1H07	Itk4.5	Itk4.5	Itk	2017	Itk4.5	5		yoy	AG	Itk	LandscapeGenomics	lower	69.93566	-150.85526						
P1A8	2017-Itk4.5-006	Golden1A08	Itk4.5	Itk4.5	Itk	2017	Itk4.5	6		yoy	AG	Itk	LandscapeGenomics	lower	69.93462	-150.85193						
P1B8	2017-Itk4.5-007	Golden1B08	Itk4.5	Itk4.5	Itk	2017	Itk4.5	7		yoy	AG	Itk	LandscapeGenomics	lower	69.9356	-150.85579						
P1C8	2017-Itk4.5-008	Golden1C08	Itk4.5	Itk4.5	Itk	2017	Itk4.5	8		yoy	AG	Itk	LandscapeGenomics	lower	69.93507	-150.85228						
P1D8	2017-Itk4.5-009	Golden1D08	Itk4.5	Itk4.5	Itk	2017	Itk4.5	9		yoy	AG	Itk	LandscapeGenomics	lower	69.93478	-150.85817						
P1E8	2016-KLAS5-004	Golden1E08	KLAS5	KLAS5	Kup	2016	KLAS5	4		yoy	AG	Kup	LandscapeGenomics	down	68.96534	-149.70133						
P1F8	2016-KLAS5-005	Golden1F08	KLAS5	KLAS5	Kup	2016	KLAS5	5		yoy	AG	Kup	LandscapeGenomics	down	68.96545	-149.702018						Lat, Long estimated: ~30 m downstream from 2016_KLAS5_04 location.
P1G8	2016-KLAS5-007	Golden1G08	KLAS5	KLAS5	Kup	2016	KLAS5	7		yoy	AG	Kup	LandscapeGenomics	down	68.96524	-149.70183						
P1H8	2016-KLAS5-011	Golden1H08	KLAS5	KLAS5	Kup	2016	KLAS5	11		yoy	AG	Kup	LandscapeGenomics	down	68.9657	-149.70258						
P1A9	2016-KLAS5-014	Golden1A09	KLAS5	KLAS5	Kup	2016	KLAS5	14		yoy	AG	Kup	LandscapeGenomics	down	68.9649	-149.70151						
P1B9	2016-KLAS5-015	Golden1B09	KLAS5	KLAS5	Kup	2016	KLAS5	15		yoy	AG	Kup	LandscapeGenomics	down	68.964611	-149.701186						Lat, Long estimated: YOY GPS estimates start at 1st capture location (1.5 km downstream from GCL outlet) and continue consecutively downstream every 30 m to the last capture location(~1.8 km).
P1C9	2013-Kup2-01	Golden1C09	Kup2	Kup2	Kup	2013	Kup2	1		yoy	AG	Kup	LandscapeGenomics	up	68.539486	-149.28108						Lat, Long estimated: YOY GPS estimates start at 1st capture location (1.5 km downstream from GCL outlet) and continue consecutively downstream every 30 m to the last capture location(~1.8 km).
P1D9	2013-Kup2-02	Golden1D09	Kup2	Kup2	Kup	2013	Kup2	2		yoy	AG	Kup	LandscapeGenomics	up	68.539262	-149.280722						Lat, Long estimated: YOY GPS estimates start at 1st capture location (1.5 km downstream from GCL outlet) and continue consecutively downstream every 30 m to the last capture location(~1.8 km).
P1E9	2013-Kup2-03	Golden1E09	Kup2	Kup2	Kup	2013	Kup2	3		yoy	AG	Kup	LandscapeGenomics	up	68.539474	-149.281149						Lat, Long estimated: YOY GPS estimates start at 1st capture location (1.5 km downstream from GCL outlet) and continue consecutively downstream every 30 m to the last capture location(~1.8 km).
P1F9	2013-Kup2-04	Golden1F09	Kup2	Kup2	Kup	2013	Kup2	4		yoy	AG	Kup	LandscapeGenomics	up	68.539667	-149.281602						Lat, Long estimated: YOY GPS estimates start at 1st capture location (1.5 km downstream from GCL outlet) and continue consecutively downstream every 30 m to the last capture location(~1.8 km).
P1G9	2013-Kup2-05	Golden1G09	Kup2	Kup2	Kup	2013	Kup2	5		yoy	AG	Kup	LandscapeGenomics	up	68.539927	-149.273913						Lat, Long estimated: YOY GPS estimates start at 1st capture location (1.5 km downstream from GCL outlet) and continue consecutively downstream every 30 m to the last capture location(~1.8 km).
P1H9	2013-Kup2-06	Golden1H09	Kup2	Kup2	Kup	2013	Kup2	6		yoy	AG	Kup	LandscapeGenomics	up	68.540007	-149.282492						Lat, Long estimated: YOY GPS estimates start at 1st capture location (1.5 km downstream from GCL outlet) and continue consecutively downstream every 30 m to the last capture location(~1.8 km).
P1A10	2013-Kup2-07	Golden1A10	Kup2	Kup2	Kup	2013	Kup2	7		yoy	AG	Kup	LandscapeGenomics	up	68.54027	-149.282667						Lat, Long estimated: YOY GPS estimates start at 1st capture location (1.5 km downstream from GCL outlet) and continue consecutively downstream every 30 m to the last capture location(~1.8 km).
P1B10	2013-Kup2-08	Golden1B10	Kup2	Kup2	Kup	2013	Kup2	8		yoy	AG	Kup	LandscapeGenomics	up	68.540525	-149.282397						Lat, Long estimated: YOY GPS estimates start at 1st capture location (1.5 km downstream from GCL outlet) and continue consecutively downstream every 30 m to the last capture location(~1.8 km).
P1C10	2013-Kup2-09	Golden1C10	Kup2	Kup2	Kup	2013	Kup2	9		yoy	AG	Kup	LandscapeGenomics	up	68.540657	-149.283094						Lat, Long estimated: YOY GPS estimates start at 1st capture location (1.5 km downstream from GCL outlet) and continue consecutively downstream every 30 m to the last capture location(~1.8 km).
P1D10	2013-Kup2-10	Golden1D10	Kup2	Kup2	Kup	2013	Kup2	10		yoy	AG	Kup	LandscapeGenomics	up	68.54077	-149.283598						Lat, Long estimated: YOY GPS estimates start at 1st capture location (1.5 km downstream from GCL outlet) and continue consecutively downstream every 30 m to the last capture location(~1.8 km).
P1E10	2013-Kup2-11	Golden1E10	Kup2	Kup2	Kup	2013	Kup2	11		yoy	AG	Kup	LandscapeGenomics	up	68.54096	-149.28419						Lat, Long estimated: YOY GPS estimates start at 1st capture location (1.5 km downstream from GCL outlet) and continue consecutively downstream every 30 m to the last capture location(~1.8 km).
P1F10	2013-Kup2-12	Golden1F10	Kup2	Kup2	Kup	2013	Kup2	12		yoy	AG	Kup	LandscapeGenomics	up	68.541148	-149.284799						Lat, Long estimated: YOY GPS estimates start at 1st capture location (1.5 km downstream from GCL outlet) and continue consecutively downstream every 30 m to the last capture location(~1.8 km).
P1G10	2013-Kup2-13	Golden1G10	Kup2	Kup2	Kup	2013	Kup2	13		yoy	AG	Kup	LandscapeGenomics	up	68.541288	-149.285375						Lat, Long estimated: YOY GPS estimates start at 1st capture location (1.5 km downstream from GCL outlet) and continue consecutively downstream every 30 m to the last capture location(~1.8 km).
P1H10	2013-Kup2-14	Golden1H10	Kup2	Kup2	Kup	2013	Kup2	14		yoy	AG	Kup	LandscapeGenomics	up	68.541306	-149.285939						Lat, Long estimated: YOY GPS estimates start at 1st capture location (1.5 km downstream from GCL outlet) and continue consecutively downstream every 30 m to the last capture location(~1.8 km).
P1A11	2013-Kup2-15	Golden1A11	Kup2	Kup2	Kup	2013	Kup2	15		yoy	AG	Kup	LandscapeGenomics	up	68.54114	-149.285513						Lat, Long estimated: YOY GPS estimates start at 1st capture location (1.5 km downstream from GCL outlet) and continue consecutively downstream every 30 m to the last capture location(~1.8 km).
P1B11	2013-Kup2-16	Golden1B11	Kup2	Kup2	Kup	2013	Kup2	16		yoy	AG	Kup	LandscapeGenomics	up	68.541314	-149.28663						Lat, Long estimated: YOY GPS estimates start at 1st capture location (1.5 km downstream from GCL outlet) and continue consecutively downstream every 30 m to the last capture location(~1.8 km).
P1C11	2014-Kup2-17	Golden1C11	Kup2	Kup2	Kup	2014	Kup2	17		yoy	AG	Kup	LandscapeGenomics	up	68.539591	-149.281346						Lat, Long estimated: YOY GPS estimates start at 2013's 1st capture location (1.5 km downstream from GCL outlet) and continue consecutively downstream every 30 m.
P1D11	2014-Kup2-18	Golden1D11	Kup2	Kup2	Kup	2014	Kup2	18		yoy	AG	Kup	LandscapeGenomics	up	68.539838	-149.281525						Lat, Long estimated: YOY GPS estimates start at 2013's 1st capture location (1.5 km downstream from GCL outlet) and continue consecutively downstream every 30 m.
P1E11	2013-Kup6-03	Golden1E11	Kup6	Kup6	Kup	2013	Kup6	3		yoy	AG	Kup	LandscapeGenomics	down	68.766113	-149.554721						2013 - Most YOY caught below Kup6 antenna near this GPS location
P1F11	2013-Kup6-05	Golden1F11	Kup6	Kup6	Kup	2013	Kup6	5		yoy	AG	Kup	LandscapeGenomics	down	68.766113	-149.554721						2013 - Most YOY caught below Kup6 antenna near this GPS location
P1G11	2013-Kup6-06	Golden1G11	Kup6	Kup6	Kup	2013	Kup6	6		yoy	AG	Kup	LandscapeGenomics	down	68.766113	-149.554721						2013 - Most YOY caught below Kup6 antenna near this GPS location
P1H11	2013-Kup6-07	Golden1H11	Kup6	Kup6	Kup	2013	Kup6	7		yoy	AG	Kup	LandscapeGenomics	down	68.766113	-149.554721						2013 - Most YOY caught below Kup6 antenna near this GPS location
P1A12	2013-Kup6-08	Golden1A12	Kup6	Kup6	Kup	2013	Kup6	8		yoy	AG	Kup	LandscapeGenomics	down	68.766113	-149.554721						2013 - Most YOY caught below Kup6 antenna near this GPS location
P1B12	2013-Kup6-12	Golden1B12	Kup6	Kup6	Kup	2013	Kup6	12		yoy	AG	Kup	LandscapeGenomics	down	68.766113	-149.554721						2013 - Most YOY caught below Kup6 antenna near this GPS location
P1C12	2013-Kup6-15	Golden1C12	Kup6	Kup6	Kup	2013	Kup6	15		yoy	AG	Kup	LandscapeGenomics	down	68.766113	-149.554721						2013 - Most YOY caught below Kup6 antenna near this GPS location
P1D12	2013-Kup6-16	Golden1D12	Kup6	Kup6	Kup	2013	Kup6	16		yoy	AG	Kup	LandscapeGenomics	down	68.766113	-149.554721						2013 - Most YOY caught below Kup6 antenna near this GPS location
P1E12	2014-Kup6-18	Golden1E12	Kup6	Kup6	Kup	2014	Kup6	18		yoy	AG	Kup	LandscapeGenomics	down	68.766113	-149.554721						Probably from 2013 (NOT 2014) - Most YOY caught below Kup6 antenna near this GPS location
P1F12	2014-Kup6-19	Golden1F12	Kup6	Kup6	Kup	2014	Kup6	19		yoy	AG	Kup	LandscapeGenomics	down	68.766113	-149.554721						Probably from 2013 (NOT 2014) - Most YOY caught below Kup6 antenna near this GPS location
P1G12	2014-Kup6-20	Golden1G12	Kup6	Kup6	Kup	2014	Kup6	20		yoy	AG	Kup	LandscapeGenomics	down	68.766113	-149.554721						Probably from 2013 (NOT 2014) - Most YOY caught below Kup6 antenna near this GPS location
P1H12	2014-Kup6-22	Golden1H12	Kup6	Kup6	Kup	2014	Kup6	22		yoy	AG	Kup	LandscapeGenomics	down	68.766113	-149.554721						Probably from 2013 (NOT 2014) - Most YOY caught below Kup6 antenna near this GPS location
P2A1	2013-Kup6-27	Golden2A01	Kup6	Kup6	Kup	2013	Kup6	27		yoy	AG	Kup	LandscapeGenomics	down	68.766113	-149.554721						2013 - Most YOY caught below Kup6 antenna near this GPS location
P2B1	2013-Kup6-28	Golden2B01	Kup6	Kup6	Kup	2013	Kup6	28		yoy	AG	Kup	LandscapeGenomics	down	68.766113	-149.554721						2013 - Most YOY caught below Kup6 antenna near this GPS location
P2C1	2013-Kup6-29	Golden2C01	Kup6	Kup6	Kup	2013	Kup6	29		yoy	AG	Kup	LandscapeGenomics	down	68.766113	-149.554721						2013 - Most YOY caught below Kup6 antenna near this GPS location
P2D1	2013-Kup6-32	Golden2D01	Kup6	Kup6	Kup	2013	Kup6	32		yoy	AG	Kup	LandscapeGenomics	down	68.766113	-149.554721						2013 - Most YOY caught below Kup6 antenna near this GPS location
P2E1	2013-Kup6-33	Golden2E01	Kup6	Kup6	Kup	2013	Kup6	33		yoy	AG	Kup	LandscapeGenomics	down	68.766113	-149.554721						2013 - Most YOY caught below Kup6 antenna near this GPS location
P2F1	2013-Kup6-34	Golden2F01	Kup6	Kup6	Kup	2013	Kup6	34		yoy	AG	Kup	LandscapeGenomics	down	68.766113	-149.554721						2013 - Most YOY caught below Kup6 antenna near this GPS location
P2G1	2013-Kup6-35	Golden2G01	Kup6	Kup6	Kup	2013	Kup6	35		yoy	AG	Kup	LandscapeGenomics	down	68.766113	-149.554721						2013 - Most YOY caught below Kup6 antenna near this GPS location
P2H1	2013-Kup6-43	Golden2H01	Kup6	Kup6	Kup	2013	Kup6	43		yoy	AG	Kup	LandscapeGenomics	down	68.766113	-149.554721						2013 - Most YOY caught below Kup6 antenna near this GPS location
P2A2	2013-Kup7-01	Golden2A02	Kup7	Kup7	Kup	2013	Kup7	1		yoy	AG	Kup	LandscapeGenomics	down	68.9085	-149.6879833						From a few isolated pools with many YOY within the Kup7 dry zone 
P2B2	2013-Kup7-02	Golden2B02	Kup7	Kup7	Kup	2013	Kup7	2		yoy	AG	Kup	LandscapeGenomics	down	68.9085	-149.6879833						From a few isolated pools with many YOY within the Kup7 dry zone 
P2C2	2013-Kup7-03	Golden2C02	Kup7	Kup7	Kup	2013	Kup7	3		yoy	AG	Kup	LandscapeGenomics	down	68.9085	-149.6879833						From a few isolated pools with many YOY within the Kup7 dry zone 
P2D2	2013-Kup7-04	Golden2D02	Kup7	Kup7	Kup	2013	Kup7	4		yoy	AG	Kup	LandscapeGenomics	down	68.9085	-149.6879833						From a few isolated pools with many YOY within the Kup7 dry zone 
P2E2	2013-Kup7-05	Golden2E02	Kup7	Kup7	Kup	2013	Kup7	5		yoy	AG	Kup	LandscapeGenomics	down	68.9085	-149.6879833						From a few isolated pools with many YOY within the Kup7 dry zone 
P2F2	2013-Kup7-YOY-01	Golden2F02	Kup7	Kup7	Kup	2013	Kup7	1		yoy	AG	Kup	LandscapeGenomics	down	68.9085	-149.6879833						From a few isolated pools with many YOY within the Kup7 dry zone 
P2G2	2013-Kup7-YOY-02	Golden2G02	Kup7	Kup7	Kup	2013	Kup7	2		yoy	AG	Kup	LandscapeGenomics	down	68.9085	-149.6879833						From a few isolated pools with many YOY within the Kup7 dry zone 
P2H2	2013-Kup7-YOY-03	Golden2H02	Kup7	Kup7	Kup	2013	Kup7	3		yoy	AG	Kup	LandscapeGenomics	down	68.9085	-149.6879833						From a few isolated pools with many YOY within the Kup7 dry zone 
P2A3	2013-Kup7-YOY-08	Golden2A03	Kup7	Kup7	Kup	2013	Kup7	8		yoy	AG	Kup	LandscapeGenomics	down	68.9085	-149.6879833						From a few isolated pools with many YOY within the Kup7 dry zone 
P2B3	2013-Kup7-YOY-11	Golden2B03	Kup7	Kup7	Kup	2013	Kup7	11		yoy	AG	Kup	LandscapeGenomics	down	68.9085	-149.6879833						From a few isolated pools with many YOY within the Kup7 dry zone 
P2C3	2013-Kup7-YOY-12	Golden2C03	Kup7	Kup7	Kup	2013	Kup7	12		yoy	AG	Kup	LandscapeGenomics	down	68.9085	-149.6879833						From a few isolated pools with many YOY within the Kup7 dry zone 
P2D3	2013-Kup7-YOY-04.2	Golden2D03	Kup7	Kup7	Kup	2013	Kup7	4.2		yoy	AG	Kup	LandscapeGenomics	down	68.9085	-149.6879833						From a few isolated pools with many YOY within the Kup7 dry zone 
P2E3	2013-Kup7-YOY-05.2	Golden2E03	Kup7	Kup7	Kup	2013	Kup7	5.2		yoy	AG	Kup	LandscapeGenomics	down	68.9085	-149.6879833						From a few isolated pools with many YOY within the Kup7 dry zone 
P2F3	2013-Kup7-YOY-06.2	Golden2F03	Kup7	Kup7	Kup	2013	Kup7	6.2		yoy	AG	Kup	LandscapeGenomics	down	68.9085	-149.6879833						From a few isolated pools with many YOY within the Kup7 dry zone 
P2G3	2013-Kup7-YOY-07.2	Golden2G03	Kup7	Kup7	Kup	2013	Kup7	7.2		yoy	AG	Kup	LandscapeGenomics	down	68.9085	-149.6879833						From a few isolated pools with many YOY within the Kup7 dry zone 
P2H3	2013-Kup7-YOY-09.2	Golden2H03	Kup7	Kup7	Kup	2013	Kup7	9.2		yoy	AG	Kup	LandscapeGenomics	down	68.9085	-149.6879833						From a few isolated pools with many YOY within the Kup7 dry zone 
P2A4	2013-Kup7-YOY-10.2	Golden2A04	Kup7	Kup7	Kup	2013	Kup7	10.2		yoy	AG	Kup	LandscapeGenomics	down	68.9085	-149.6879833						From a few isolated pools with many YOY within the Kup7 dry zone 
P2B4	2013-Kup8-01	Golden2B04	Kup8	Kup8	Kup	2013	Kup8	1		yoy	AG	Kup	LandscapeGenomics	lower	68.99595	-149.75283						YOY caught within walking distance of Kup8 antenna, below Kuparuk Lower Aufeis
P2C4	2013-Kup8-03	Golden2C04	Kup8	Kup8	Kup	2013	Kup8	3		yoy	AG	Kup	LandscapeGenomics	lower	68.99595	-149.75283						YOY caught within walking distance of Kup8 antenna, below Kuparuk Lower Aufeis
P2D4	2013-Kup8-05	Golden2D04	Kup8	Kup8	Kup	2013	Kup8	5		yoy	AG	Kup	LandscapeGenomics	lower	68.99595	-149.75283						YOY caught within walking distance of Kup8 antenna, below Kuparuk Lower Aufeis
P2E4	2013-Kup8-12	Golden2E04	Kup8	Kup8	Kup	2013	Kup8	12		yoy	AG	Kup	LandscapeGenomics	lower	68.99595	-149.75283						YOY caught within walking distance of Kup8 antenna, below Kuparuk Lower Aufeis
P2F4	2013-Kup8-13	Golden2F04	Kup8	Kup8	Kup	2013	Kup8	13		yoy	AG	Kup	LandscapeGenomics	lower	68.99595	-149.75283						YOY caught within walking distance of Kup8 antenna, below Kuparuk Lower Aufeis
P2G4	2013-Kup8-15	Golden2G04	Kup8	Kup8	Kup	2013	Kup8	15		yoy	AG	Kup	LandscapeGenomics	lower	68.99595	-149.75283						YOY caught within walking distance of Kup8 antenna, below Kuparuk Lower Aufeis
P2H4	2013-Kup8-16	Golden2H04	Kup8	Kup8	Kup	2013	Kup8	16		yoy	AG	Kup	LandscapeGenomics	lower	68.99595	-149.75283						YOY caught within walking distance of Kup8 antenna, below Kuparuk Lower Aufeis
P2A5	2013-Kup8-18	Golden2A05	Kup8	Kup8	Kup	2013	Kup8	18		yoy	AG	Kup	LandscapeGenomics	lower	68.99595	-149.75283						YOY caught within walking distance of Kup8 antenna, below Kuparuk Lower Aufeis
P2B5	2013-Kup8-21	Golden2B05	Kup8	Kup8	Kup	2013	Kup8	21		yoy	AG	Kup	LandscapeGenomics	lower	68.99595	-149.75283						YOY caught within walking distance of Kup8 antenna, below Kuparuk Lower Aufeis
P2C5	2013-Kup8-28	Golden2C05	Kup8	Kup8	Kup	2013	Kup8	28		yoy	AG	Kup	LandscapeGenomics	lower	68.99595	-149.75283						YOY caught within walking distance of Kup8 antenna, below Kuparuk Lower Aufeis
P2D5	2013-Kup8-29	Golden2D05	Kup8	Kup8	Kup	2013	Kup8	29		yoy	AG	Kup	LandscapeGenomics	lower	68.99595	-149.75283						YOY caught within walking distance of Kup8 antenna, below Kuparuk Lower Aufeis
P2E5	2013-Kup8-33	Golden2E05	Kup8	Kup8	Kup	2013	Kup8	33		yoy	AG	Kup	LandscapeGenomics	lower	68.99595	-149.75283						YOY caught within walking distance of Kup8 antenna, below Kuparuk Lower Aufeis
P2F5	2013-Kup8-YOY-03	Golden2F05	Kup8	Kup8	Kup	2013	Kup8	3		yoy	AG	Kup	LandscapeGenomics	lower	68.99595	-149.75283						YOY caught within walking distance of Kup8 antenna, below Kuparuk Lower Aufeis
P2G5	2013-Kup8-YOY-05	Golden2G05	Kup8	Kup8	Kup	2013	Kup8	5		yoy	AG	Kup	LandscapeGenomics	lower	68.99595	-149.75283						YOY caught within walking distance of Kup8 antenna, below Kuparuk Lower Aufeis
P2H5	2013-Kup8-YOY-07	Golden2H05	Kup8	Kup8	Kup	2013	Kup8	7		yoy	AG	Kup	LandscapeGenomics	lower	68.99595	-149.75283						YOY caught within walking distance of Kup8 antenna, below Kuparuk Lower Aufeis
P2A6	2013-Kup8-YOY-14	Golden2A06	Kup8	Kup8	Kup	2013	Kup8	14		yoy	AG	Kup	LandscapeGenomics	lower	68.99595	-149.75283						YOY caught within walking distance of Kup8 antenna, below Kuparuk Lower Aufeis
P2B6	2013-Kup8-YOY-15	Golden2B06	Kup8	Kup8	Kup	2013	Kup8	15		yoy	AG	Kup	LandscapeGenomics	lower	68.99595	-149.75283						YOY caught within walking distance of Kup8 antenna, below Kuparuk Lower Aufeis
P2C6	2013-Kup8-YOY-16	Golden2C06	Kup8	Kup8	Kup	2013	Kup8	16		yoy	AG	Kup	LandscapeGenomics	lower	68.99595	-149.75283						YOY caught within walking distance of Kup8 antenna, below Kuparuk Lower Aufeis
P2D6	2013-Kup8-YOY-17	Golden2D06	Kup8	Kup8	Kup	2013	Kup8	17		yoy	AG	Kup	LandscapeGenomics	lower	68.99595	-149.75283						YOY caught within walking distance of Kup8 antenna, below Kuparuk Lower Aufeis
P2E6	2013-Kup8-YOY-18	Golden2E06	Kup8	Kup8	Kup	2013	Kup8	18		yoy	AG	Kup	LandscapeGenomics	lower	68.99595	-149.75283						YOY caught within walking distance of Kup8 antenna, below Kuparuk Lower Aufeis
P2F6	2015-KupR2-001	Golden2F06	KupR2	Kup5	Kup	2015	KupR2	1		yoy	AG	Kup	LandscapeGenomics	up	68.66966	-149.44521						
P2G6	2015-KupR2-002	Golden2G06	KupR2	Kup5	Kup	2015	KupR2	2		yoy	AG	Kup	LandscapeGenomics	up	68.66911	-149.44209						
P2H6	2016-KupR2-001	Golden2H06	KupR2	Kup5	Kup	2016	KupR2	1		yoy	AG	Kup	LandscapeGenomics	up	68.67076	-149.44396						
P2A7	2016-KupR2-002	Golden2A07	KupR2	Kup5	Kup	2016	KupR2	2		yoy	AG	Kup	LandscapeGenomics	up	68.6707	-149.44415						
P2B7	2016-KupR4-001	Golden2B07	KupR4	Kup6	Kup	2016	KupR4	1		yoy	AG	Kup	LandscapeGenomics	down	68.77435	-149.57126						
P2C7	2016-KupR4-002	Golden2C07	KupR4	Kup6	Kup	2016	KupR4	2		yoy	AG	Kup	LandscapeGenomics	down	68.77494	-149.57278						
P2D7	2016-KupR4-003	Golden2D07	KupR4	Kup6	Kup	2016	KupR4	3		yoy	AG	Kup	LandscapeGenomics	down	68.77446	-149.571429						Used GPS location for HabAss YOY KupR4-11 bcs there is no KupR4-3 for genomics listed in HabAss_YOY_Locations_2016.xlsx spreadsheet, only KupR4-1, KupR4-2, and KupR4-11.
P2E7	2017-LKup0-001	Golden2E07	LKup0	LKup0	Kup	2017	LKup0	1		yoy	AG	Kup	LandscapeGenomics	lower	69.26077	-150.23257						
P2F7	2017-LKup0-002	Golden2F07	LKup0	LKup0	Kup	2017	LKup0	2		yoy	AG	Kup	LandscapeGenomics	lower	69.26382	-150.24681						
P2G7	2017-LKup0-003	Golden2G07	LKup0	LKup0	Kup	2017	LKup0	3		yoy	AG	Kup	LandscapeGenomics	lower	69.26363	150.24757						
P2H7	2017-LKup0-004	Golden2H07	LKup0	LKup0	Kup	2017	LKup0	4		yoy	AG	Kup	LandscapeGenomics	lower	69.26304	-150.24745						
P2A8	2017-LKup0-005	Golden2A08	LKup0	LKup0	Kup	2017	LKup0	5		yoy	AG	Kup	LandscapeGenomics	lower	69.26089	-150.23299						
P2B8	2017-LKup0-006	Golden2B08	LKup0	LKup0	Kup	2017	LKup0	6		yoy	AG	Kup	LandscapeGenomics	lower	69.26194	-150.23973						
P2C8	2017-LKup0-007	Golden2C08	LKup0	LKup0	Kup	2017	LKup0	7		yoy	AG	Kup	LandscapeGenomics	lower	69.25789	-150.23042						
P2D8	2017-LKup0-008	Golden2D08	LKup0	LKup0	Kup	2017	LKup0	8		yoy	AG	Kup	LandscapeGenomics	lower	69.26206	-150.24077						
P2E8	2017-LKup0-009	Golden2E08	LKup0	LKup0	Kup	2017	LKup0	9		yoy	AG	Kup	LandscapeGenomics	lower	69.26232	-150.2361						
P2F8	2017-LKup0-010	Golden2F08	LKup0	LKup0	Kup	2017	LKup0	10		yoy	AG	Kup	LandscapeGenomics	lower	69.26034	-150.23396						
P2G8	2017-LKup0-011	Golden2G08	LKup0	LKup0	Kup	2017	LKup0	11		yoy	AG	Kup	LandscapeGenomics	lower	69.26186	-150.24257						
P2H8	2017-LKup0-012	Golden2H08	LKup0	LKup0	Kup	2017	LKup0	12		yoy	AG	Kup	LandscapeGenomics	lower	69.26225	-150.24673						
P2A9	2017-LKup0-013	Golden2A09	LKup0	LKup0	Kup	2017	LKup0	13		yoy	AG	Kup	LandscapeGenomics	lower	69.26104	-150.23253						
P2B9	2017-LKup1-001	Golden2B09	LKup1	LKup1	Kup	2017	LKup1	1		yoy	AG	Kup	LandscapeGenomics	lower	69.60426	-150.03113						
P2C9	2017-LKup1-002	Golden2C09	LKup1	LKup1	Kup	2017	LKup1	2		yoy	AG	Kup	LandscapeGenomics	lower	69.60061	-150.03778						
P2D9	2017-LKup1-003	Golden2D09	LKup1	LKup1	Kup	2017	LKup1	3		yoy	AG	Kup	LandscapeGenomics	lower	69.60081	-150.03648						
P2E9	2017-LKup1-004	Golden2E09	LKup1	LKup1	Kup	2017	LKup1	4		yoy	AG	Kup	LandscapeGenomics	lower	69.60077	-150.03328						
P2F9	2017-LKup1-005	Golden2F09	LKup1	LKup1	Kup	2017	LKup1	5		yoy	AG	Kup	LandscapeGenomics	lower	69.59925	-150.03986						
P2G9	2017-LKup1-006	Golden2G09	LKup1	LKup1	Kup	2017	LKup1	6		yoy	AG	Kup	LandscapeGenomics	lower	69.59846	-150.04021						
P2H9	2017-LKup1-007	Golden2H09	LKup1	LKup1	Kup	2017	LKup1	7		yoy	AG	Kup	LandscapeGenomics	lower	69.59925	-150.03986						
P2A10	2017-LKup1-008	Golden2A10	LKup1	LKup1	Kup	2017	LKup1	8		yoy	AG	Kup	LandscapeGenomics	lower	69.59872	-150.04155						
P2B10	2017-LKup1-009	Golden2B10	LKup1	LKup1	Kup	2017	LKup1	9		yoy	AG	Kup	LandscapeGenomics	lower	69.60088	-150.03502						
P2C10	2017-LKup1-010	Golden2C10	LKup1	LKup1	Kup	2017	LKup1	10		yoy	AG	Kup	LandscapeGenomics	lower	69.60041	-150.03906						
P2D10	2017-LKup1-011	Golden2D10	LKup1	LKup1	Kup	2017	LKup1	11		yoy	AG	Kup	LandscapeGenomics	lower	69.5986	-150.04082						
P2E10	2017-LKup1-012	Golden2E10	LKup1	LKup1	Kup	2017	LKup1	12		yoy	AG	Kup	LandscapeGenomics	lower	69.60365	-150.03038						
P2F10	2017-LKup1-013	Golden2F10	LKup1	LKup1	Kup	2017	LKup1	13		yoy	AG	Kup	LandscapeGenomics	lower	69.59872	-150.0399						
P2G10	2017-LKup3-007	Golden2G10	LKup3	LKup3	Kup	2017	LKup3	7		yoy	AG	Kup	LandscapeGenomics	lower	69.96569	-149.45844						
P2H10	2017-LKup3-008	Golden2H10	LKup3	LKup3	Kup	2017	LKup3	8		yoy	AG	Kup	LandscapeGenomics	lower	69.96524	-149.45848						
P2A11	2017-LKup3-009	Golden2A11	LKup3	LKup3	Kup	2017	LKup3	9		yoy	AG	Kup	LandscapeGenomics	lower	69.96434	-149.45775						
P2B11	2017-LKup3-010	Golden2B11	LKup3	LKup3	Kup	2017	LKup3	10		yoy	AG	Kup	LandscapeGenomics	lower	69.96371	-149.459						
P2C11	2017-LKup3-001	Golden2C11	LKup3	LKup3	Kup	2017	LKup3	1		yoy	AG	Kup	LandscapeGenomics	lower	69.96281	-149.4623						
P2D11	2017-LKup3-002	Golden2D11	LKup3	LKup3	Kup	2017	LKup3	2		yoy	AG	Kup	LandscapeGenomics	lower	69.96148	-149.45947						
P2E11	2017-LKup3-003	Golden2E11	LKup3	LKup3	Kup	2017	LKup3	3		yoy	AG	Kup	LandscapeGenomics	lower	69.96348	-149.45569						
P2F11	2015-HV-001	Golden2F11	HV	LSagHV	Sag	2015	HV	1		yoy	AG	HV	LandscapeGenomics	lower	69.1507	-148.83626						
P2G11	2015-HV-002	Golden2G11	HV	LSagHV	Sag	2015	HV	2		yoy	AG	HV	LandscapeGenomics	lower	69.15064	-148.83545						
P2H11	2015-HV-003	Golden2H11	HV	LSagHV	Sag	2015	HV	3		yoy	AG	HV	LandscapeGenomics	lower	69.15064	-148.83374						
P2A12	2015-HV-004	Golden2A12	HV	LSagHV	Sag	2015	HV	4		yoy	AG	HV	LandscapeGenomics	lower	69.15097	-148.83151						
P2B12	2015-HV-005	Golden2B12	HV	LSagHV	Sag	2015	HV	5		yoy	AG	HV	LandscapeGenomics	lower	69.15113	-148.83179						
P2C12	2015-HV-006	Golden2C12	HV	LSagHV	Sag	2015	HV	6		yoy	AG	HV	LandscapeGenomics	lower	69.15072	-148.8371						
P2D12	2015-HV-007	Golden2D12	HV	LSagHV	Sag	2015	HV	7		yoy	AG	HV	LandscapeGenomics	lower	69.15063	-148.83765						
P2E12	2015-HV-008	Golden2E12	HV	LSagHV	Sag	2015	HV	8		yoy	AG	HV	LandscapeGenomics	lower	69.15051	-148.83827						
P2F12	2015-HV-009	Golden2F12	HV	LSagHV	Sag	2015	HV	9		yoy	AG	HV	LandscapeGenomics	lower	69.15025	-148.83867						
P2G12	2015-HV-010	Golden2G12	HV	LSagHV	Sag	2015	HV	10		yoy	AG	HV	LandscapeGenomics	lower	69.149666	-148.83862						2015-HV-010 GPS location estimated as approximately halfway river distance between 2015-HV-009 and 2015-HV-011
P2H12	2015-HV-011	Golden2H12	HV	LSagHV	Sag	2015	HV	11		yoy	AG	HV	LandscapeGenomics	lower	69.14928	-148.84119						
P3A1	2015-HV-012	Golden3A01	HV	LSagHV	Sag	2015	HV	12		yoy	AG	HV	LandscapeGenomics	lower	69.15072	-148.83725						
P3B1	2017-LSag2-001	Golden3B01	LSag2	LSag2	Sag	2017	LSag2	1		yoy	AG	Sag	LandscapeGenomics	lower	69.73341	-148.69218						
P3C1	2017-LSag2-002	Golden3C01	LSag2	LSag2	Sag	2017	LSag2	2		yoy	AG	Sag	LandscapeGenomics	lower	69.73426	-148.69275						
P3D1	2017-LSag2-003	Golden3D01	LSag2	LSag2	Sag	2017	LSag2	3		yoy	AG	Sag	LandscapeGenomics	lower	69.7319	-148.68997						
P3E1	2015-OksLTER-001	Golden3E01	OksLTER	Oks0	Sag	2015	OksLTER	1		yoy	AG	Oks	LandscapeGenomics	up	68.6715	-149.1281						
P3F1	2015-OksLTER-002	Golden3F01	OksLTER	Oks0	Sag	2015	OksLTER	2		yoy	AG	Oks	LandscapeGenomics	up	68.6713	-149.1313						
P3G1	2015-OksLTER-005	Golden3G01	OksLTER	Oks0	Sag	2015	OksLTER	5		yoy	AG	Oks	LandscapeGenomics	up	68.6685	-149.1524						
P3H1	2013-OKm1-YOY-03	Golden3H01	OKm1	Oks0	Sag	2013	OKm1	3		yoy	AG	Oks	LandscapeGenomics	up	68.62005	-149.189419						YOY GPS locations for OKm1 YOY (Oks negative 1 antenna) start at 68.619633, -149.188117 and continue downstream every ~30 m. 
P3A2	2013-OKm1-YOY-01.2	Golden3A02	OKm1	Oks0	Sag	2013	OKm1	1.2		yoy	AG	Oks	LandscapeGenomics	up	68.619633	-149.188117						YOY GPS locations for OKm1 YOY (Oks negative 1 antenna) start at 68.619633, -149.188117 and continue downstream every ~30 m. 
P3B2	2013-OKm1-YOY-02.2	Golden3B02	OKm1	Oks0	Sag	2013	OKm1	2.2		yoy	AG	Oks	LandscapeGenomics	up	68.619867	-149.18872						YOY GPS locations for OKm1 YOY (Oks negative 1 antenna) start at 68.619633, -149.188117 and continue downstream every ~30 m. 
P3C2	2013-OKm1-YOY-04.2	Golden3C02	OKm1	Oks0	Sag	2013	OKm1	4.2		yoy	AG	Oks	LandscapeGenomics	up	68.620091	-149.190344						YOY GPS locations for OKm1 YOY (Oks negative 1 antenna) start at 68.619633, -149.188117 and continue downstream every ~30 m. 
P3D2	2013-OKm1-YOY-05.2	Golden3D02	OKm1	Oks0	Sag	2013	OKm1	5.2		yoy	AG	Oks	LandscapeGenomics	up	68.620224	-149.19112						YOY GPS locations for OKm1 YOY (Oks negative 1 antenna) start at 68.619633, -149.188117 and continue downstream every ~30 m. 
P3E2	2013-Oks0-01	Golden3E02	Oks0	Oks0	Sag	2013	Oks0	1		yoy	AG	Oks	LandscapeGenomics	up	68.636745	-149.216692						YOY GPS locations for OK0 YOY (Oks0A antenna) start at 68.636745N, -149.216692W and continue downstream every ~30 m. 
P3F2	2013-Oks0-03	Golden3F02	Oks0	Oks0	Sag	2013	Oks0	3		yoy	AG	Oks	LandscapeGenomics	up	68.63716	-149.21668						YOY GPS locations for OK0 YOY (Oks0A antenna) start at 68.636745N, -149.216692W and continue downstream every ~30 m. 
P3G2	2013-Oks0-04	Golden3G02	Oks0	Oks0	Sag	2013	Oks0	4		yoy	AG	Oks	LandscapeGenomics	up	68.637376	-149.217408						YOY GPS locations for OK0 YOY (Oks0A antenna) start at 68.636745N, -149.216692W and continue downstream every ~30 m. 
P3H2	2013-Oks0-05	Golden3H02	Oks0	Oks0	Sag	2013	Oks0	5		yoy	AG	Oks	LandscapeGenomics	up	68.637715	-149.217207						YOY GPS locations for OK0 YOY (Oks0A antenna) start at 68.636745N, -149.216692W and continue downstream every ~30 m. 
P3A3	2013-Oks0-07	Golden3A03	Oks0	Oks0	Sag	2013	Oks0	7		yoy	AG	Oks	LandscapeGenomics	up	68.637973	-149.216459						YOY GPS locations for OK0 YOY (Oks0A antenna) start at 68.636745N, -149.216692W and continue downstream every ~30 m. 
P3B3	2013-Oks0-08	Golden3B03	Oks0	Oks0	Sag	2013	Oks0	8		yoy	AG	Oks	LandscapeGenomics	up	68.638246	-149.216095						YOY GPS locations for OK0 YOY (Oks0A antenna) start at 68.636745N, -149.216692W and continue downstream every ~30 m. 
P3C3	2013-Oks0-12	Golden3C03	Oks0	Oks0	Sag	2013	Oks0	12		yoy	AG	Oks	LandscapeGenomics	up	68.638557	-149.215864						YOY GPS locations for OK0 YOY (Oks0A antenna) start at 68.636745N, -149.216692W and continue downstream every ~30 m. 
P3D3	2013-Oks0-16	Golden3D03	Oks0	Oks0	Sag	2013	Oks0	16		yoy	AG	Oks	LandscapeGenomics	up	68.638773	-149.216478						YOY GPS locations for OK0 YOY (Oks0A antenna) start at 68.636745N, -149.216692W and continue downstream every ~30 m. 
P3E3	2013-Oks0-17	Golden3E03	Oks0	Oks0	Sag	2013	Oks0	17		yoy	AG	Oks	LandscapeGenomics	up	68.639007	-149.216977						YOY GPS locations for OK0 YOY (Oks0A antenna) start at 68.636745N, -149.216692W and continue downstream every ~30 m. 
P3F3	2013-Oks0-20	Golden3F03	Oks0	Oks0	Sag	2013	Oks0	20		yoy	AG	Oks	LandscapeGenomics	up	68.639318	-149.217092						YOY GPS locations for OK0 YOY (Oks0A antenna) start at 68.636745N, -149.216692W and continue downstream every ~30 m. 
P3G3	2013-Oks0-22	Golden3G03	Oks0	Oks0	Sag	2013	Oks0	22		yoy	AG	Oks	LandscapeGenomics	up	68.639629	-149.217159						YOY GPS locations for OK0 YOY (Oks0A antenna) start at 68.636745N, -149.216692W and continue downstream every ~30 m. 
P3H3	2013-Oks0-29	Golden3H03	Oks0	Oks0	Sag	2013	Oks0	29		yoy	AG	Oks	LandscapeGenomics	up	68.639839	-149.216823						YOY GPS locations for OK0 YOY (Oks0A antenna) start at 68.636745N, -149.216692W and continue downstream every ~30 m. 
P3A4	2013-Oks0-30	Golden3A04	Oks0	Oks0	Sag	2013	Oks0	30		yoy	AG	Oks	LandscapeGenomics	up	68.640136	-149.216977						YOY GPS locations for OK0 YOY (Oks0A antenna) start at 68.636745N, -149.216692W and continue downstream every ~30 m. 
P3B4	2013-Oks0-32	Golden3B04	Oks0	Oks0	Sag	2013	Oks0	32		yoy	AG	Oks	LandscapeGenomics	up	68.640373	-149.217581						YOY GPS locations for OK0 YOY (Oks0A antenna) start at 68.636745N, -149.216692W and continue downstream every ~30 m. 
P3C4	2013-Oks0-33	Golden3C04	Oks0	Oks0	Sag	2013	Oks0	33		yoy	AG	Oks	LandscapeGenomics	up	68.640677	-149.217629						YOY GPS locations for OK0 YOY (Oks0A antenna) start at 68.636745N, -149.216692W and continue downstream every ~30 m. 
P3D4	2013-Oks0-34	Golden3D04	Oks0	Oks0	Sag	2013	Oks0	34		yoy	AG	Oks	LandscapeGenomics	up	68.641005	-149.217332						YOY GPS locations for OK0 YOY (Oks0A antenna) start at 68.636745N, -149.216692W and continue downstream every ~30 m. 
P3E4	2013-Oks0-36	Golden3E04	Oks0	Oks0	Sag	2013	Oks0	36		yoy	AG	Oks	LandscapeGenomics	up	68.641327	-149.217341						YOY GPS locations for OK0 YOY (Oks0A antenna) start at 68.636745N, -149.216692W and continue downstream every ~30 m. 
P3F4	2013-Oks0-37	Golden3F04	Oks0	Oks0	Sag	2013	Oks0	37		yoy	AG	Oks	LandscapeGenomics	up	68.641648	-149.217351						YOY GPS locations for OK0 YOY (Oks0A antenna) start at 68.636745N, -149.216692W and continue downstream every ~30 m. 
P3G4	2013-Oks0-40	Golden3G04	Oks0	Oks0	Sag	2013	Oks0	40		yoy	AG	Oks	LandscapeGenomics	up	68.641934	-149.217514						YOY GPS locations for OK0 YOY (Oks0A antenna) start at 68.636745N, -149.216692W and continue downstream every ~30 m. 
P3H4	2013-Oks0-42	Golden3H04	Oks0	Oks0	Sag	2013	Oks0	42		yoy	AG	Oks	LandscapeGenomics	up	68.642242	-149.217715						YOY GPS locations for OK0 YOY (Oks0A antenna) start at 68.636745N, -149.216692W and continue downstream every ~30 m. 
P3A5	2013-Oks2-01	Golden3A05	Oks2	Oks2	Sag	2013	Oks2	1		yoy	AG	Oks	LandscapeGenomics	down	68.764232	-148.904292						YOY GPS location estimated at Oks2 (Bunny Haven) antenna site. All Oks2 YOY have same coordinates. If necessary, individual coordinates can be estimated upstream and downstream from this site so that no location is within 30 meters of another locations. 
P3B5	2013-Oks2-02	Golden3B05	Oks2	Oks2	Sag	2013	Oks2	2		yoy	AG	Oks	LandscapeGenomics	down	68.764232	-148.904292						YOY GPS location estimated at Oks2 (Bunny Haven) antenna site. All Oks2 YOY have same coordinates. If necessary, individual coordinates can be estimated upstream and downstream from this site so that no location is within 30 meters of another locations. 
P3C5	2013-Oks2-03	Golden3C05	Oks2	Oks2	Sag	2013	Oks2	3		yoy	AG	Oks	LandscapeGenomics	down	68.764232	-148.904292						YOY GPS location estimated at Oks2 (Bunny Haven) antenna site. All Oks2 YOY have same coordinates. If necessary, individual coordinates can be estimated upstream and downstream from this site so that no location is within 30 meters of another locations. 
P3D5	2013-Oks2-04	Golden3D05	Oks2	Oks2	Sag	2013	Oks2	4		yoy	AG	Oks	LandscapeGenomics	down	68.764232	-148.904292						YOY GPS location estimated at Oks2 (Bunny Haven) antenna site. All Oks2 YOY have same coordinates. If necessary, individual coordinates can be estimated upstream and downstream from this site so that no location is within 30 meters of another locations. 
P3E5	2013-Oks2-05	Golden3E05	Oks2	Oks2	Sag	2013	Oks2	5		yoy	AG	Oks	LandscapeGenomics	down	68.764232	-148.904292						YOY GPS location estimated at Oks2 (Bunny Haven) antenna site. All Oks2 YOY have same coordinates. If necessary, individual coordinates can be estimated upstream and downstream from this site so that no location is within 30 meters of another locations. 
P3F5	2013-Oks2-06	Golden3F05	Oks2	Oks2	Sag	2013	Oks2	6		yoy	AG	Oks	LandscapeGenomics	down	68.764232	-148.904292						YOY GPS location estimated at Oks2 (Bunny Haven) antenna site. All Oks2 YOY have same coordinates. If necessary, individual coordinates can be estimated upstream and downstream from this site so that no location is within 30 meters of another locations. 
P3G5	2013-Oks2-07	Golden3G05	Oks2	Oks2	Sag	2013	Oks2	7		yoy	AG	Oks	LandscapeGenomics	down	68.764232	-148.904292						YOY GPS location estimated at Oks2 (Bunny Haven) antenna site. All Oks2 YOY have same coordinates. If necessary, individual coordinates can be estimated upstream and downstream from this site so that no location is within 30 meters of another locations. 
P3H5	2013-Oks2-09	Golden3H05	Oks2	Oks2	Sag	2013	Oks2	9		yoy	AG	Oks	LandscapeGenomics	down	68.764232	-148.904292						YOY GPS location estimated at Oks2 (Bunny Haven) antenna site. All Oks2 YOY have same coordinates. If necessary, individual coordinates can be estimated upstream and downstream from this site so that no location is within 30 meters of another locations. 
P3A6	2013-Oks2-10	Golden3A06	Oks2	Oks2	Sag	2013	Oks2	10		yoy	AG	Oks	LandscapeGenomics	down	68.764232	-148.904292						YOY GPS location estimated at Oks2 (Bunny Haven) antenna site. All Oks2 YOY have same coordinates. If necessary, individual coordinates can be estimated upstream and downstream from this site so that no location is within 30 meters of another locations. 
P3B6	2013-Oks2-12	Golden3B06	Oks2	Oks2	Sag	2013	Oks2	12		yoy	AG	Oks	LandscapeGenomics	down	68.764232	-148.904292						YOY GPS location estimated at Oks2 (Bunny Haven) antenna site. All Oks2 YOY have same coordinates. If necessary, individual coordinates can be estimated upstream and downstream from this site so that no location is within 30 meters of another locations. 
P3C6	2013-Oks2-13	Golden3C06	Oks2	Oks2	Sag	2013	Oks2	13		yoy	AG	Oks	LandscapeGenomics	down	68.764232	-148.904292						YOY GPS location estimated at Oks2 (Bunny Haven) antenna site. All Oks2 YOY have same coordinates. If necessary, individual coordinates can be estimated upstream and downstream from this site so that no location is within 30 meters of another locations. 
P3D6	2013-Oks2-14	Golden3D06	Oks2	Oks2	Sag	2013	Oks2	14		yoy	AG	Oks	LandscapeGenomics	down	68.764232	-148.904292						YOY GPS location estimated at Oks2 (Bunny Haven) antenna site. All Oks2 YOY have same coordinates. If necessary, individual coordinates can be estimated upstream and downstream from this site so that no location is within 30 meters of another locations. 
P3E6	2013-Oks2-15	Golden3E06	Oks2	Oks2	Sag	2013	Oks2	15		yoy	AG	Oks	LandscapeGenomics	down	68.764232	-148.904292						YOY GPS location estimated at Oks2 (Bunny Haven) antenna site. All Oks2 YOY have same coordinates. If necessary, individual coordinates can be estimated upstream and downstream from this site so that no location is within 30 meters of another locations. 
P3F6	2013-Oks2-16	Golden3F06	Oks2	Oks2	Sag	2013	Oks2	16		yoy	AG	Oks	LandscapeGenomics	down	68.764232	-148.904292						YOY GPS location estimated at Oks2 (Bunny Haven) antenna site. All Oks2 YOY have same coordinates. If necessary, individual coordinates can be estimated upstream and downstream from this site so that no location is within 30 meters of another locations. 
P3G6	2013-Oks2-17	Golden3G06	Oks2	Oks2	Sag	2013	Oks2	17		yoy	AG	Oks	LandscapeGenomics	down	68.764232	-148.904292						YOY GPS location estimated at Oks2 (Bunny Haven) antenna site. All Oks2 YOY have same coordinates. If necessary, individual coordinates can be estimated upstream and downstream from this site so that no location is within 30 meters of another locations. 
P3H6	2013-Oks2-18	Golden3H06	Oks2	Oks2	Sag	2013	Oks2	18		yoy	AG	Oks	LandscapeGenomics	down	68.764232	-148.904292						YOY GPS location estimated at Oks2 (Bunny Haven) antenna site. All Oks2 YOY have same coordinates. If necessary, individual coordinates can be estimated upstream and downstream from this site so that no location is within 30 meters of another locations. 
P3A7	2013-Oks2-19	Golden3A07	Oks2	Oks2	Sag	2013	Oks2	19		yoy	AG	Oks	LandscapeGenomics	down	68.764232	-148.904292						YOY GPS location estimated at Oks2 (Bunny Haven) antenna site. All Oks2 YOY have same coordinates. If necessary, individual coordinates can be estimated upstream and downstream from this site so that no location is within 30 meters of another locations. 
P3B7	2013-Oks2-20	Golden3B07	Oks2	Oks2	Sag	2013	Oks2	20		yoy	AG	Oks	LandscapeGenomics	down	68.764232	-148.904292						YOY GPS location estimated at Oks2 (Bunny Haven) antenna site. All Oks2 YOY have same coordinates. If necessary, individual coordinates can be estimated upstream and downstream from this site so that no location is within 30 meters of another locations. 
P3C7	2013-Oks2-21	Golden3C07	Oks2	Oks2	Sag	2013	Oks2	21		yoy	AG	Oks	LandscapeGenomics	down	68.764232	-148.904292						YOY GPS location estimated at Oks2 (Bunny Haven) antenna site. All Oks2 YOY have same coordinates. If necessary, individual coordinates can be estimated upstream and downstream from this site so that no location is within 30 meters of another locations. 
P3D7	2013-Oks2-23	Golden3D07	Oks2	Oks2	Sag	2013	Oks2	23		yoy	AG	Oks	LandscapeGenomics	down	68.764232	-148.904292						YOY GPS location estimated at Oks2 (Bunny Haven) antenna site. All Oks2 YOY have same coordinates. If necessary, individual coordinates can be estimated upstream and downstream from this site so that no location is within 30 meters of another locations. 
P3E7	2013-Oks3-02	Golden3E07	Oks3	Oks3	Sag	2013	Oks3	2		yoy	AG	Oks	LandscapeGenomics	down	68.862886	-148.844078						YOY GPS location estimated at Oks3 antenna site. All Oks3 YOY have same coordinates. If necessary, individual coordinates can be estimated upstream and downstream from this site so that no location is within 30 meters of another locations. 
P3F7	2013-Oks3-04	Golden3F07	Oks3	Oks3	Sag	2013	Oks3	4		yoy	AG	Oks	LandscapeGenomics	down	68.862886	-148.844078						YOY GPS location estimated at Oks3 antenna site. All Oks3 YOY have same coordinates. If necessary, individual coordinates can be estimated upstream and downstream from this site so that no location is within 30 meters of another locations. 
P3G7	2013-Oks3-06	Golden3G07	Oks3	Oks3	Sag	2013	Oks3	6		yoy	AG	Oks	LandscapeGenomics	down	68.862886	-148.844078						YOY GPS location estimated at Oks3 antenna site. All Oks3 YOY have same coordinates. If necessary, individual coordinates can be estimated upstream and downstream from this site so that no location is within 30 meters of another locations. 
P3H7	2013-Oks3-09	Golden3H07	Oks3	Oks3	Sag	2013	Oks3	9		yoy	AG	Oks	LandscapeGenomics	down	68.862886	-148.844078						YOY GPS location estimated at Oks3 antenna site. All Oks3 YOY have same coordinates. If necessary, individual coordinates can be estimated upstream and downstream from this site so that no location is within 30 meters of another locations. 
P3A8	2013-Oks3-10	Golden3A08	Oks3	Oks3	Sag	2013	Oks3	10		yoy	AG	Oks	LandscapeGenomics	down	68.862886	-148.844078						YOY GPS location estimated at Oks3 antenna site. All Oks3 YOY have same coordinates. If necessary, individual coordinates can be estimated upstream and downstream from this site so that no location is within 30 meters of another locations. 
P3B8	2013-Oks3-14	Golden3B08	Oks3	Oks3	Sag	2013	Oks3	14		yoy	AG	Oks	LandscapeGenomics	down	68.862886	-148.844078						YOY GPS location estimated at Oks3 antenna site. All Oks3 YOY have same coordinates. If necessary, individual coordinates can be estimated upstream and downstream from this site so that no location is within 30 meters of another locations. 
P3C8	2013-Oks3-16	Golden3C08	Oks3	Oks3	Sag	2013	Oks3	16		yoy	AG	Oks	LandscapeGenomics	down	68.862886	-148.844078						YOY GPS location estimated at Oks3 antenna site. All Oks3 YOY have same coordinates. If necessary, individual coordinates can be estimated upstream and downstream from this site so that no location is within 30 meters of another locations. 
P3D8	2013-Oks3-25	Golden3D08	Oks3	Oks3	Sag	2013	Oks3	25		yoy	AG	Oks	LandscapeGenomics	down	68.862886	-148.844078						YOY GPS location estimated at Oks3 antenna site. All Oks3 YOY have same coordinates. If necessary, individual coordinates can be estimated upstream and downstream from this site so that no location is within 30 meters of another locations. 
P3E8	2013-Oks3-27	Golden3E08	Oks3	Oks3	Sag	2013	Oks3	27		yoy	AG	Oks	LandscapeGenomics	down	68.862886	-148.844078						YOY GPS location estimated at Oks3 antenna site. All Oks3 YOY have same coordinates. If necessary, individual coordinates can be estimated upstream and downstream from this site so that no location is within 30 meters of another locations. 
P3F8	2013-Oks3-28	Golden3F08	Oks3	Oks3	Sag	2013	Oks3	28		yoy	AG	Oks	LandscapeGenomics	down	68.862886	-148.844078						YOY GPS location estimated at Oks3 antenna site. All Oks3 YOY have same coordinates. If necessary, individual coordinates can be estimated upstream and downstream from this site so that no location is within 30 meters of another locations. 
P3G8	2013-Oks3-29	Golden3G08	Oks3	Oks3	Sag	2013	Oks3	29		yoy	AG	Oks	LandscapeGenomics	down	68.862886	-148.844078						YOY GPS location estimated at Oks3 antenna site. All Oks3 YOY have same coordinates. If necessary, individual coordinates can be estimated upstream and downstream from this site so that no location is within 30 meters of another locations. 
P3H8	2013-Oks3-30	Golden3H08	Oks3	Oks3	Sag	2013	Oks3	30		yoy	AG	Oks	LandscapeGenomics	down	68.862886	-148.844078						YOY GPS location estimated at Oks3 antenna site. All Oks3 YOY have same coordinates. If necessary, individual coordinates can be estimated upstream and downstream from this site so that no location is within 30 meters of another locations. 
P3A9	2013-Oks3-31	Golden3A09	Oks3	Oks3	Sag	2013	Oks3	31		yoy	AG	Oks	LandscapeGenomics	down	68.862886	-148.844078						YOY GPS location estimated at Oks3 antenna site. All Oks3 YOY have same coordinates. If necessary, individual coordinates can be estimated upstream and downstream from this site so that no location is within 30 meters of another locations. 
P3B9	2013-Oks3-33	Golden3B09	Oks3	Oks3	Sag	2013	Oks3	33		yoy	AG	Oks	LandscapeGenomics	down	68.862886	-148.844078						YOY GPS location estimated at Oks3 antenna site. All Oks3 YOY have same coordinates. If necessary, individual coordinates can be estimated upstream and downstream from this site so that no location is within 30 meters of another locations. 
P3C9	2013-Oks3-34	Golden3C09	Oks3	Oks3	Sag	2013	Oks3	34		yoy	AG	Oks	LandscapeGenomics	down	68.862886	-148.844078						YOY GPS location estimated at Oks3 antenna site. All Oks3 YOY have same coordinates. If necessary, individual coordinates can be estimated upstream and downstream from this site so that no location is within 30 meters of another locations. 
P3D9	2013-Oks3-35	Golden3D09	Oks3	Oks3	Sag	2013	Oks3	35		yoy	AG	Oks	LandscapeGenomics	down	68.862886	-148.844078						YOY GPS location estimated at Oks3 antenna site. All Oks3 YOY have same coordinates. If necessary, individual coordinates can be estimated upstream and downstream from this site so that no location is within 30 meters of another locations. 
P3E9	2013-Oks3-36	Golden3E09	Oks3	Oks3	Sag	2013	Oks3	36		yoy	AG	Oks	LandscapeGenomics	down	68.862886	-148.844078						YOY GPS location estimated at Oks3 antenna site. All Oks3 YOY have same coordinates. If necessary, individual coordinates can be estimated upstream and downstream from this site so that no location is within 30 meters of another locations. 
P3F9	2013-Oks3-40	Golden3F09	Oks3	Oks3	Sag	2013	Oks3	40		yoy	AG	Oks	LandscapeGenomics	down	68.862886	-148.844078						YOY GPS location estimated at Oks3 antenna site. All Oks3 YOY have same coordinates. If necessary, individual coordinates can be estimated upstream and downstream from this site so that no location is within 30 meters of another locations. 
P3G9	2013-Oks3-41	Golden3G09	Oks3	Oks3	Sag	2013	Oks3	41		yoy	AG	Oks	LandscapeGenomics	down	68.862886	-148.844078						YOY GPS location estimated at Oks3 antenna site. All Oks3 YOY have same coordinates. If necessary, individual coordinates can be estimated upstream and downstream from this site so that no location is within 30 meters of another locations. 
P3H9	2013-Oks3-42	Golden3H09	Oks3	Oks3	Sag	2013	Oks3	42		yoy	AG	Oks	LandscapeGenomics	down	68.862886	-148.844078						YOY GPS location estimated at Oks3 antenna site. All Oks3 YOY have same coordinates. If necessary, individual coordinates can be estimated upstream and downstream from this site so that no location is within 30 meters of another locations. 
P3A10	2015-OksR1-002	Golden3A10	OksR1	OksZev	Sag	2015	OksR1	2		yoy	AG	Oks	LandscapeGenomics	up	68.63203	-149.20679						
P3B10	2015-OksR1-003	Golden3B10	OksR1	OksZev	Sag	2015	OksR1	3		yoy	AG	Oks	LandscapeGenomics	up	68.62057	-149.76848						
P3C10	2016-OksR1-002	Golden3C10	OksR1	OksZev	Sag	2016	OksR1	2		yoy	AG	Oks	LandscapeGenomics	up	68.6628	-149.18804						
P3D10	2016-OksR1-003	Golden3D10	OksR1	OksZev	Sag	2016	OksR1	3		yoy	AG	Oks	LandscapeGenomics	up	68.6638	-149.18279						
P3E10	2016-OksR1-007	Golden3E10	OksR1	OksZev	Sag	2016	OksR1	7		yoy	AG	Oks	LandscapeGenomics	up	68.66276	-149.18876						
P3F10	2016-OksR1-010	Golden3F10	OksR1	OksZev	Sag	2016	OksR1	10		yoy	AG	Oks	LandscapeGenomics	up	68.6626	-149.18894						
P3G10	2016-OksR1-012	Golden3G10	OksR1	OksZev	Sag	2016	OksR1	12		yoy	AG	Oks	LandscapeGenomics	up	68.66268	-149.18919						
P3H10	2016-OksR1-014	Golden3H10	OksR1	OksZev	Sag	2016	OksR1	14		yoy	AG	Oks	LandscapeGenomics	up	68.66342	-149.18585						
P3A11	2016-OksR1-015	Golden3A11	OksR1	OksZev	Sag	2016	OksR1	15		yoy	AG	Oks	LandscapeGenomics	up	68.663442	-149.184539						YOY 2016-OksR1-015 GPS location was estimated at ~30m downstream of 2016-OksR1-014. 
P3B11	2016-OksRN4-002	Golden3B11	OksRN4	Oks2.5	Sag	2016	OksRN4	2		yoy	AG	Oks	LandscapeGenomics	down	68.8495	-148.85346						
P3C11	2016-OksRN4-003	Golden3C11	OksRN4	Oks2.5	Sag	2016	OksRN4	3		yoy	AG	Oks	LandscapeGenomics	down	68.85123	-148.85411						
P3D11	2016-OksRN4-004	Golden3D11	OksRN4	Oks2.5	Sag	2016	OksRN4	4		yoy	AG	Oks	LandscapeGenomics	down	68.84934	-148.85334						
P3E11	2016-OksRN4-005	Golden3E11	OksRN4	Oks2.5	Sag	2016	OksRN4	5		yoy	AG	Oks	LandscapeGenomics	down	68.85116	-148.85546						
P3F11	2016-OksRN4-006	Golden3F11	OksRN4	Oks2.5	Sag	2016	OksRN4	6		yoy	AG	Oks	LandscapeGenomics	down	68.851297	-148.854231						YOY 2016-OksRN4-006 GPS location was estimated at ~30m downstream of 2016-OksRN4-005. 
P3G11	2017-TC-001	Golden3G11	TC	LSagTC	Sag	2017	TC	1		yoy	AG	TC	LandscapeGenomics	lower	69.94905	-148.6115						
P3H11	2017-TC-002	Golden3H11	TC	LSagTC	Sag	2017	TC	2		yoy	AG	TC	LandscapeGenomics	lower	69.9508	-148.6118						
P3A12	2017-TC-003	Golden3A12	TC	LSagTC	Sag	2017	TC	3		yoy	AG	TC	LandscapeGenomics	lower	69.94943	-148.61163						
P3B12	2017-TC-004	Golden3B12	TC	LSagTC	Sag	2017	TC	4		yoy	AG	TC	LandscapeGenomics	lower	69.94989	-148.61191						
P3C12	2017-TC-005	Golden3C12	TC	LSagTC	Sag	2017	TC	5		yoy	AG	TC	LandscapeGenomics	lower	69.94352	-148.61108						
P3D12	2017-TC-006	Golden3D12	TC	LSagTC	Sag	2017	TC	6		yoy	AG	TC	LandscapeGenomics	lower	69.95148	-148.60971						
P3E12	2017-TC-007	Golden3E12	TC	LSagTC	Sag	2017	TC	7		yoy	AG	TC	LandscapeGenomics	lower	69.94831	-148.61133						
P3F12	2017-TC-008	Golden3F12	TC	LSagTC	Sag	2017	TC	8		yoy	AG	TC	LandscapeGenomics	lower	69.94739	-148.61137						
P3G12	2017-TC-009	Golden3G12	TC	LSagTC	Sag	2017	TC	9		yoy	AG	TC	LandscapeGenomics	lower	69.9525	-148.6056						
P3H12	2017-TC-010	Golden3H12	TC	LSagTC	Sag	2017	TC	10		yoy	AG	TC	LandscapeGenomics	lower	69.95339	-148.6114						
P4A1	2017-TC-011	Golden4A01	TC	LSagTC	Sag	2017	TC	11		yoy	AG	TC	LandscapeGenomics	lower	69.95113	-148.61078						
P4B1	2017-TC-012	Golden4B01	TC	LSagTC	Sag	2017	TC	12		yoy	AG	TC	LandscapeGenomics	lower	69.94632	-148.61234						
P4C1	2017-TC-013	Golden4C01	TC	LSagTC	Sag	2017	TC	13		yoy	AG	TC	LandscapeGenomics	lower	69.95482	-148.61102						
P4D1	2017-TC-014	Golden4D01	TC	LSagTC	Sag	2017	TC	14		yoy	AG	TC	LandscapeGenomics	lower	69.94784	-148.61153						
P4E1	2017-TC-015	Golden4E01	TC	LSagTC	Sag	2017	TC	15		yoy	AG	TC	LandscapeGenomics	lower	69.95224	-148.60872						
P4F1	2017-TC-016	Golden4F01	TC	LSagTC	Sag	2017	TC	16		yoy	AG	TC	LandscapeGenomics	lower	69.05501	-148.61018						
P4G1	2017-TC-017	Golden4G01	TC	LSagTC	Sag	2017	TC	17		yoy	AG	TC	LandscapeGenomics	lower	69.95223	-148.60872						
P4H1	2017-TC-018	Golden4H01	TC	LSagTC	Sag	2017	TC	18		yoy	AG	TC	LandscapeGenomics	lower	69.9519	-148.60873						
P4A2	2017-TC-019	Golden4A02	TC	LSagTC	Sag	2017	TC	19		yoy	AG	TC	LandscapeGenomics	lower	69.9503	-148.61232						
P4B2	2017-TC-020	Golden4B02	TC	LSagTC	Sag	2017	TC	20		yoy	AG	TC	LandscapeGenomics	lower	69.95389	-148.61154						
P4C2	2015-IMO-024	Golden4C02	IMO	IMup.a	Itk	2015	IMO	24		adult	AG	Itk	SNP_Selection	up	68.556594	-149.574373						
P4D2	2015-IMO-025	Golden4D02	IMO	IMup.a	Itk	2015	IMO	25		adult	AG	Itk	SNP_Selection	up	68.556594	-149.574373						
P4E2	2015-IMO-026	Golden4E02	IMO	IMup.a	Itk	2015	IMO	26		adult	AG	Itk	SNP_Selection	up	68.556594	-149.574373						
P4F2	2015-IMO-032	Golden4F02	IMO	IMup.a	Itk	2015	IMO	32		adult	AG	Itk	SNP_Selection	up	68.556594	-149.574373						
P4G2	2015-IMO-033	Golden4G02	IMO	IMup.a	Itk	2015	IMO	33		adult	AG	Itk	SNP_Selection	up	68.556594	-149.574373						
P4H2	2015-IMO-034	Golden4H02	IMO	IMup.a	Itk	2015	IMO	34		adult	AG	Itk	SNP_Selection	up	68.556594	-149.574373						
P4A3	2015-IMO-044	Golden4A03	IMO	IMup.a	Itk	2015	IMO	44		adult	AG	Itk	SNP_Selection	up	68.556594	-149.574373						
P4B3	2015-IMO-046	Golden4B03	IMO	IMup.a	Itk	2015	IMO	46		adult	AG	Itk	SNP_Selection	up	68.563736	-149.650008						
P4C3	2015-IMO-047	Golden4C03	IMO	IMup.a	Itk	2015	IMO	47		adult	AG	Itk	SNP_Selection	up	68.563736	-149.650008						
P4D3	2015-IMO-048	Golden4D03	IMO	IMup.a	Itk	2015	IMO	48		adult	AG	Itk	SNP_Selection	up	68.563736	-149.650008						
P4E3	2015-IMO-049	Golden4E03	IMO	IMup.a	Itk	2015	IMO	49		adult	AG	Itk	SNP_Selection	up	68.563736	-149.650008						
P4F3	2016-IMO-044	Golden4F03	IMO	IMup.a	Itk	2016	IMO	44		adult	AG	Itk	SNP_Selection	up	68.556594	-149.574373						
P4G3	2016-IMO-045	Golden4G03	IMO	IMup.a	Itk	2016	IMO	45		adult	AG	Itk	SNP_Selection	up	68.556594	-149.574373						
P4H3	2016-IMO-046	Golden4H03	IMO	IMup.a	Itk	2016	IMO	46		adult	AG	Itk	SNP_Selection	up	68.556594	-149.574373						
P4A4	2016-IMO-047	Golden4A04	IMO	IMup.a	Itk	2016	IMO	47		adult	AG	Itk	SNP_Selection	up	68.556594	-149.574373						
P4B4	2016-IMO-048	Golden4B04	IMO	IMup.a	Itk	2016	IMO	48		adult	AG	Itk	SNP_Selection	up	68.556594	-149.574373						
P4C4	2016-IMO-049	Golden4C04	IMO	IMup.a	Itk	2016	IMO	49		adult	AG	Itk	SNP_Selection	up	68.556594	-149.574373						
P4D4	2016-IMO-051	Golden4D04	IMO	IMup.a	Itk	2016	IMO	51		adult	AG	Itk	SNP_Selection	up	68.556594	-149.574373						
P4E4	2016-IMO-052	Golden4E04	IMO	IMup.a	Itk	2016	IMO	52		adult	AG	Itk	SNP_Selection	up	68.556594	-149.574373						
P4F4	2016-IMO-053	Golden4F04	IMO	IMup.a	Itk	2016	IMO	53		adult	AG	Itk	SNP_Selection	up	68.556594	-149.574373						
P4G4	2016-IMO-054	Golden4G04	IMO	IMup.a	Itk	2016	IMO	54		adult	AG	Itk	SNP_Selection	up	68.556594	-149.574373						
P4H4	2016-LIMS-206	Golden4H04	LIMS	IMlow.a	Itk	2016	LIMS	206		adult	AG	Itk	SNP_Selection	down	68.605367	-149.736093						
P4A5	2016-LIMS-213	Golden4A05	LIMS	IMlow.a	Itk	2016	LIMS	213		adult	AG	Itk	SNP_Selection	down	68.605367	-149.736093						
P4B5	2016-LIMS-216	Golden4B05	LIMS	IMlow.a	Itk	2016	LIMS	216		adult	AG	Itk	SNP_Selection	down	68.605367	-149.736093						
P4C5	2016-LIMS-217	Golden4C05	LIMS	IMlow.a	Itk	2016	LIMS	217		adult	AG	Itk	SNP_Selection	down	68.605367	-149.736093						
P4D5	2016-LIMS-222	Golden4D05	LIMS	IMlow.a	Itk	2016	LIMS	222		adult	AG	Itk	SNP_Selection	down	68.605367	-149.736093						
P4E5	2016-LIMS-224	Golden4E05	LIMS	IMlow.a	Itk	2016	LIMS	224		adult	AG	Itk	SNP_Selection	down	68.605367	-149.736093						
P4F5	2016-LIMS-227	Golden4F05	LIMS	IMlow.a	Itk	2016	LIMS	227		adult	AG	Itk	SNP_Selection	down	68.605367	-149.736093						
P4G5	2016-LIMS-228	Golden4G05	LIMS	IMlow.a	Itk	2016	LIMS	228		adult	AG	Itk	SNP_Selection	down	68.605367	-149.736093						
P4H5	2016-LIMS-229	Golden4H05	LIMS	IMlow.a	Itk	2016	LIMS	229		adult	AG	Itk	SNP_Selection	down	68.605367	-149.736093						
P4A6	2016-LIMS-231	Golden4A06	LIMS	IMlow.a	Itk	2016	LIMS	231		adult	AG	Itk	SNP_Selection	down	68.605367	-149.736093						
P4B6	2016-LIMS-232	Golden4B06	LIMS	IMlow.a	Itk	2016	LIMS	232		adult	AG	Itk	SNP_Selection	down	68.605367	-149.736093						
P4C6	2016-LIMS-234	Golden4C06	LIMS	IMlow.a	Itk	2016	LIMS	234		adult	AG	Itk	SNP_Selection	down	68.605367	-149.736093						
P4D6	2016-LIMS-235	Golden4D06	LIMS	IMlow.a	Itk	2016	LIMS	235		adult	AG	Itk	SNP_Selection	down	68.605367	-149.736093						
P4E6	2016-LIMS-236	Golden4E06	LIMS	IMlow.a	Itk	2016	LIMS	236		adult	AG	Itk	SNP_Selection	down	68.605367	-149.736093						
P4F6	2016-LIMS-237	Golden4F06	LIMS	IMlow.a	Itk	2016	LIMS	237		adult	AG	Itk	SNP_Selection	down	68.605367	-149.736093						
P4G6	2016-LIMS-238	Golden4G06	LIMS	IMlow.a	Itk	2016	LIMS	238		adult	AG	Itk	SNP_Selection	down	68.605367	-149.736093						
P4H6	2016-LIMS-240	Golden4H06	LIMS	IMlow.a	Itk	2016	LIMS	240		adult	AG	Itk	SNP_Selection	down	68.605367	-149.736093						
P4A7	2016-LIMS-242	Golden4A07	LIMS	IMlow.a	Itk	2016	LIMS	242		adult	AG	Itk	SNP_Selection	down	68.605367	-149.736093						
P4B7	2016-LIMS-247	Golden4B07	LIMS	IMlow.a	Itk	2016	LIMS	247		adult	AG	Itk	SNP_Selection	down	68.605367	-149.736093						
P4C7	2012-LL3-IT-22	Golden4C07	LL3	LL3.a	Itk	2012	LL3	22		adult	AG	Itk	SNP_Selection	down	68.623432	149.792559						
P4D7	2012-LL3-IT-23	Golden4D07	LL3	LL3.a	Itk	2012	LL3	23		adult	AG	Itk	SNP_Selection	down	68.623432	149.792559						
P4E7	2012-LL3-IT-24	Golden4E07	LL3	LL3.a	Itk	2012	LL3	24		adult	AG	Itk	SNP_Selection	down	68.623432	149.792559						
P4F7	2012-LL3-IT-26	Golden4F07	LL3	LL3.a	Itk	2012	LL3	26		adult	AG	Itk	SNP_Selection	down	68.623432	149.792559						
P4G7	2012-LL3-IT-27	Golden4G07	LL3	LL3.a	Itk	2012	LL3	27		adult	AG	Itk	SNP_Selection	down	68.623432	149.792559						
P4H7	2012-LL3-IT-28	Golden4H07	LL3	LL3.a	Itk	2012	LL3	28		adult	AG	Itk	SNP_Selection	down	68.623432	149.792559						
P4A8	2012-LL3-IT-29	Golden4A08	LL3	LL3.a	Itk	2012	LL3	29		adult	AG	Itk	SNP_Selection	down	68.623432	149.792559						
P4B8	2012-LL3-IT-30	Golden4B08	LL3	LL3.a	Itk	2012	LL3	30		adult	AG	Itk	SNP_Selection	down	68.623432	149.792559						
P4C8	2015-IM3-066	Golden4C08	IM3	IM3.a	Itk	2015	IM3	66		adult	AG	Itk	SNP_Selection	down	68.62373	-149.7778						
P4D8	2015-IM3-067	Golden4D08	IM3	IM3.a	Itk	2015	IM3	67		adult	AG	Itk	SNP_Selection	down	68.62373	-149.7778						
P4E8	2015-IM3-068	Golden4E08	IM3	IM3.a	Itk	2015	IM3	68		adult	AG	Itk	SNP_Selection	down	68.62373	-149.7778						
P4F8	2015-IM3-069	Golden4F08	IM3	IM3.a	Itk	2015	IM3	69		adult	AG	Itk	SNP_Selection	down	68.62373	-149.7778						
P4G8	2015-IM3-070	Golden4G08	IM3	IM3.a	Itk	2015	IM3	70		adult	AG	Itk	SNP_Selection	down	68.62373	-149.7778						
P4H8	2015-IM3-071	Golden4H08	IM3	IM3.a	Itk	2015	IM3	71		adult	AG	Itk	SNP_Selection	down	68.62373	-149.7778						
P4A9	2015-IM3-072	Golden4A09	IM3	IM3.a	Itk	2015	IM3	72		adult	AG	Itk	SNP_Selection	down	68.62373	-149.7778						
P4B9	2015-IM3-073	Golden4B09	IM3	IM3.a	Itk	2015	IM3	73		adult	AG	Itk	SNP_Selection	down	68.62373	-149.7778						
P4C9	2015-IM3-074	Golden4C09	IM3	IM3.a	Itk	2015	IM3	74		adult	AG	Itk	SNP_Selection	down	68.62373	-149.7778						
P4D9	2015-IM3-075	Golden4D09	IM3	IM3.a	Itk	2015	IM3	75		adult	AG	Itk	SNP_Selection	down	68.62373	-149.7778						
P4E9	2015-IM3-076	Golden4E09	IM3	IM3.a	Itk	2015	IM3	76		adult	AG	Itk	SNP_Selection	down	68.62373	-149.7778						
P4F9	2015-IM3-077	Golden4F09	IM3	IM3.a	Itk	2015	IM3	77		adult	AG	Itk	SNP_Selection	down	68.62373	-149.7778						
P4G9	2015-IM3-080	Golden4G09	IM3	IM3.a	Itk	2015	IM3	80		adult	AG	Itk	SNP_Selection	down	68.62373	-149.7778						
P4H9	2011-GCL-1	Golden4H09	GCL	Kup.a	Kup	2011	GCL	1		adult	AG	Kup	SNP_Selection	up	68.53717	-149.248205						
P4A10	2011-GCL-4	Golden4A10	GCL	Kup.a	Kup	2011	GCL	4		adult	AG	Kup	SNP_Selection	up	68.53717	-149.248205						
P4B10	2011-GCL-8	Golden4B10	GCL	Kup.a	Kup	2011	GCL	8		adult	AG	Kup	SNP_Selection	up	68.53717	-149.248205						
P4C10	2011-GCL-10	Golden4C10	GCL	Kup.a	Kup	2011	GCL	10		adult	AG	Kup	SNP_Selection	up	68.53717	-149.248205						
P4D10	2011-GCL-11	Golden4D10	GCL	Kup.a	Kup	2011	GCL	11		adult	AG	Kup	SNP_Selection	up	68.53717	-149.248205						
P4E10	2011-GCL-059	Golden4E10	GCL	Kup.a	Kup	2011	GCL	59		adult	AG	Kup	SNP_Selection	up	68.53717	-149.248205						
P4F10	2011-GCL-060	Golden4F10	GCL	Kup.a	Kup	2011	GCL	60		adult	AG	Kup	SNP_Selection	up	68.53717	-149.248205						
P4G10	2011-GCL-61	Golden4G10	GCL	Kup.a	Kup	2011	GCL	61		adult	AG	Kup	SNP_Selection	up	68.53717	-149.248205						
P4H10	2011-GCL-62	Golden4H10	GCL	Kup.a	Kup	2011	GCL	62		adult	AG	Kup	SNP_Selection	up	68.53717	-149.248205						
P4A11	2011-GCL-064	Golden4A11	GCL	Kup.a	Kup	2011	GCL	64		adult	AG	Kup	SNP_Selection	up	68.53717	-149.248205						
P4B11	2011-GCL-72	Golden4B11	GCL	Kup.a	Kup	2011	GCL	72		adult	AG	Kup	SNP_Selection	up	68.53717	-149.248205						
P4C11	2011-GCL-73	Golden4C11	GCL	Kup.a	Kup	2011	GCL	73		adult	AG	Kup	SNP_Selection	up	68.53717	-149.248205						
P4D11	2011-GCL-114	Golden4D11	GCL	Kup.a	Kup	2011	GCL	114		adult	AG	Kup	SNP_Selection	up	68.53717	-149.248205						
P4E11	2011-GCL-115	Golden4E11	GCL	Kup.a	Kup	2011	GCL	115		adult	AG	Kup	SNP_Selection	up	68.53717	-149.248205						
P4F11	2011-GCL-126	Golden4F11	GCL	Kup.a	Kup	2011	GCL	126		adult	AG	Kup	SNP_Selection	up	68.53717	-149.248205						
P4G11	2011-GCL-131	Golden4G11	GCL	Kup.a	Kup	2011	GCL	131		adult	AG	Kup	SNP_Selection	up	68.53717	-149.248205						
P4H11	2010-ISO-GCL-F1-15	Golden4H11	GCL	Kup.a	Kup	2010	GCL	15		adult	AG	Kup	SNP_Selection	up	68.53717	-149.248205						
P4A12	2010-ISO-GCL-F1-24	Golden4A12	GCL	Kup.a	Kup	2010	GCL	24		adult	AG	Kup	SNP_Selection	up	68.53717	-149.248205						
P4B12	2010-ISO-GCL-F1-031	Golden4B12	GCL	Kup.a	Kup	2010	GCL	31		adult	AG	Kup	SNP_Selection	up	68.53717	-149.248205						
P4C12	2010-ISO-GCL-F1-032	Golden4C12	GCL	Kup.a	Kup	2010	GCL	32		adult	AG	Kup	SNP_Selection	up	68.53717	-149.248205						
P4D12	2010-ISO-GCL-F1-050	Golden4D12	GCL	Kup.a	Kup	2010	GCL	50		adult	AG	Kup	SNP_Selection	up	68.53717	-149.248205						
P4E12	2012-KUS-3	Golden4E12	KUS	Kup.a	Kup	2012	KUS	3		adult	AG	Kup	SNP_Selection	up	68.57208	-149.34697						
P4F12	2012-KUS-4	Golden4F12	KUS	Kup.a	Kup	2012	KUS	4		adult	AG	Kup	SNP_Selection	up	68.57208	-149.34697						
P4G12	2012-KUS-5	Golden4G12	KUS	Kup.a	Kup	2012	KUS	5		adult	AG	Kup	SNP_Selection	up	68.57208	-149.34697						
P4H12	2012-KUS-6	Golden4H12	KUS	Kup.a	Kup	2012	KUS	6		adult	AG	Kup	SNP_Selection	up	68.57208	-149.34697						
P5A1	2012-KUS-8	Golden5A01	KUS	Kup.a	Kup	2012	KUS	8		adult	AG	Kup	SNP_Selection	up	68.57208	-149.34697						
P5B1	2012-KUS-9	Golden5B01	KUS	Kup.a	Kup	2012	KUS	9		adult	AG	Kup	SNP_Selection	up	68.57208	-149.34697						
P5C1	2012-KUS-10	Golden5C01	KUS	Kup.a	Kup	2012	KUS	10		adult	AG	Kup	SNP_Selection	up	68.57208	-149.34697						
P5D1	2012-KUS-12	Golden5D01	KUS	Kup.a	Kup	2012	KUS	12		adult	AG	Kup	SNP_Selection	up	68.57208	-149.34697						
P5E1	2012-KUS-13	Golden5E01	KUS	Kup.a	Kup	2012	KUS	13		adult	AG	Kup	SNP_Selection	up	68.57208	-149.34697						
P5F1	2012-KUS-14	Golden5F01	KUS	Kup.a	Kup	2012	KUS	14		adult	AG	Kup	SNP_Selection	up	68.57208	-149.34697						
P5G1	2012-KUS-15	Golden5G01	KUS	Kup.a	Kup	2012	KUS	15		adult	AG	Kup	SNP_Selection	up	68.57208	-149.34697						
P5H1	2012-KUS-16	Golden5H01	KUS	Kup.a	Kup	2012	KUS	16		adult	AG	Kup	SNP_Selection	up	68.57208	-149.34697						
P5A2	2012-KUS-17	Golden5A02	KUS	Kup.a	Kup	2012	KUS	17		adult	AG	Kup	SNP_Selection	up	68.57208	-149.34697						
P5B2	2012-KUS-18	Golden5B02	KUS	Kup.a	Kup	2012	KUS	18		adult	AG	Kup	SNP_Selection	up	68.57208	-149.34697						
P5C2	2012-KUS-19	Golden5C02	KUS	Kup.a	Kup	2012	KUS	19		adult	AG	Kup	SNP_Selection	up	68.57208	-149.34697						
P5D2	2012-KUS-20	Golden5D02	KUS	Kup.a	Kup	2012	KUS	20		adult	AG	Kup	SNP_Selection	up	68.57208	-149.34697						
P5E2	2012-KUS-21	Golden5E02	KUS	Kup.a	Kup	2012	KUS	21		adult	AG	Kup	SNP_Selection	up	68.57208	-149.34697						
P5F2	2012-KUS-22	Golden5F02	KUS	Kup.a	Kup	2012	KUS	22		adult	AG	Kup	SNP_Selection	up	68.57208	-149.34697						
P5G2	2012-KUS-23	Golden5G02	KUS	Kup.a	Kup	2012	KUS	23		adult	AG	Kup	SNP_Selection	up	68.57208	-149.34697						
P5H2	2012-KUS-24	Golden5H02	KUS	Kup.a	Kup	2012	KUS	24		adult	AG	Kup	SNP_Selection	up	68.57208	-149.34697						
P5A3	2010-LTER-KR10	Golden5A03	LTER	Kup.a	Kup	2010	LTER	10		adult	AG	Kup	SNP_Selection	up	68.644798	-149.403978						
P5B3	2010-LTER-KR11	Golden5B03	LTER	Kup.a	Kup	2010	LTER	11		adult	AG	Kup	SNP_Selection	up	68.644798	-149.403978						
P5C3	2010-LTER-KR13	Golden5C03	LTER	Kup.a	Kup	2010	LTER	13		adult	AG	Kup	SNP_Selection	up	68.644798	-149.403978						
P5D3	2010-LTER-KR17	Golden5D03	LTER	Kup.a	Kup	2010	LTER	17		adult	AG	Kup	SNP_Selection	up	68.644798	-149.403978						
P5E3	2010-LTER-KR25	Golden5E03	LTER	Kup.a	Kup	2010	LTER	25		adult	AG	Kup	SNP_Selection	up	68.644798	-149.403978						
P5F3	2012-LKup-001	Golden5F03	LKup	Lkup.a	Kup	2012	LKup	1		adult	AG	Kup	SNP_Selection	down	68.99595	-149.75283						
P5G3	2012-LKup-002	Golden5G03	LKup	Lkup.a	Kup	2012	LKup	2		adult	AG	Kup	SNP_Selection	down	68.99595	-149.75283						
P5H3	2012-LKup-003	Golden5H03	LKup	Lkup.a	Kup	2012	LKup	3		adult	AG	Kup	SNP_Selection	down	68.99595	-149.75283						
P5A4	2012-LKup-004	Golden5A04	LKup	Lkup.a	Kup	2012	LKup	4		adult	AG	Kup	SNP_Selection	down	68.99595	-149.75283						
P5B4	2012-LKup-005	Golden5B04	LKup	Lkup.a	Kup	2012	LKup	5		adult	AG	Kup	SNP_Selection	down	68.99595	-149.75283						
P5C4	2012-LKup-006	Golden5C04	LKup	Lkup.a	Kup	2012	LKup	6		adult	AG	Kup	SNP_Selection	down	68.99595	-149.75283						
P5D4	2012-LKup-007	Golden5D04	LKup	Lkup.a	Kup	2012	LKup	7		adult	AG	Kup	SNP_Selection	down	68.99595	-149.75283						
P5E4	2012-LKup-008	Golden5E04	LKup	Lkup.a	Kup	2012	LKup	8		adult	AG	Kup	SNP_Selection	down	68.99595	-149.75283						
P5F4	2012-LKup-009	Golden5F04	LKup	Lkup.a	Kup	2012	LKup	9		adult	AG	Kup	SNP_Selection	down	68.99595	-149.75283						
P5G4	2012-LKup-010	Golden5G04	LKup	Lkup.a	Kup	2012	LKup	10		adult	AG	Kup	SNP_Selection	down	68.99595	-149.75283						
P5H4	2012-LKup-012	Golden5H04	LKup	Lkup.a	Kup	2012	LKup	12		adult	AG	Kup	SNP_Selection	down	68.99595	-149.75283						
P5A5	2010-Kup-KR26	Golden5A05	Kup	Kup.a	Kup	2010	Kup	26		adult	AG	Kup	SNP_Selection	down	68.99595	-149.75283						
P5B5	2010-Kup-KR28	Golden5B05	Kup	Kup.a	Kup	2010	Kup	28		adult	AG	Kup	SNP_Selection	down	68.99595	-149.75283						
P5C5	2010-Kup-KR31	Golden5C05	Kup	Kup.a	Kup	2010	Kup	31		adult	AG	Kup	SNP_Selection	down	68.99595	-149.75283						
P5D5	2014-OksLCS-001	Golden5D05	OksLCS	OksHW.a	Sag	2014	OksLCS	1		adult	AG	Oks	SNP_Selection	up	68.605671	-149.198055						
P5E5	2014-OksLCS-002	Golden5E05	OksLCS	OksHW.a	Sag	2014	OksLCS	2		adult	AG	Oks	SNP_Selection	up	68.605671	-149.198055						
P5F5	2014-OksLCS-003	Golden5F05	OksLCS	OksHW.a	Sag	2014	OksLCS	3		adult	AG	Oks	SNP_Selection	up	68.605671	-149.198055						
P5G5	2014-OksLCS-004	Golden5G05	OksLCS	OksHW.a	Sag	2014	OksLCS	4		adult	AG	Oks	SNP_Selection	up	68.605671	-149.198055						
P5H5	2014-OksLCS-005	Golden5H05	OksLCS	OksHW.a	Sag	2014	OksLCS	5		adult	AG	Oks	SNP_Selection	up	68.605671	-149.198055						
P5A6	2014-OksLCS-006	Golden5A06	OksLCS	OksHW.a	Sag	2014	OksLCS	6		adult	AG	Oks	SNP_Selection	up	68.605671	-149.198055						
P5B6	2014-OksLCS-007	Golden5B06	OksLCS	OksHW.a	Sag	2014	OksLCS	7		adult	AG	Oks	SNP_Selection	up	68.605671	-149.198055						
P5C6	2014-OksLCS-008	Golden5C06	OksLCS	OksHW.a	Sag	2014	OksLCS	8		adult	AG	Oks	SNP_Selection	up	68.605671	-149.198055						
P5D6	2014-OksLCS-009-2	Golden5D06	OksLCS	OksHW.a	Sag	2014	OksLCS	9		adult	AG	Oks	SNP_Selection	up	68.605671	-149.198055						
P5E6	2014-OksLCS-010	Golden5E06	OksLCS	OksHW.a	Sag	2014	OksLCS	10		adult	AG	Oks	SNP_Selection	up	68.605671	-149.198055						
P5F6	2014-OksLCS-011	Golden5F06	OksLCS	OksHW.a	Sag	2014	OksLCS	11		adult	AG	Oks	SNP_Selection	up	68.605671	-149.198055						
P5G6	2014-OksLCS-013	Golden5G06	OksLCS	OksHW.a	Sag	2014	OksLCS	13		adult	AG	Oks	SNP_Selection	up	68.605671	-149.198055						
P5H6	2015-UZ-001	Golden5H06	UZ	OksHW.a	Sag	2015	UZ	1		adult	AG	Oks	SNP_Selection	up	68.613991	-149.198929						
P5A7	2015-UZ-005	Golden5A07	UZ	OksHW.a	Sag	2015	UZ	5		adult	AG	Oks	SNP_Selection	up	68.613991	-149.198929						
P5B7	2015-UZ-006	Golden5B07	UZ	OksHW.a	Sag	2015	UZ	6		adult	AG	Oks	SNP_Selection	up	68.613991	-149.198929						
P5C7	2015-UZ-007	Golden5C07	UZ	OksHW.a	Sag	2015	UZ	7		adult	AG	Oks	SNP_Selection	up	68.613991	-149.198929						
P5D7	2015-UZ-008	Golden5D07	UZ	OksHW.a	Sag	2015	UZ	8		adult	AG	Oks	SNP_Selection	up	68.613991	-149.198929						
P5E7	2015-UZ-014	Golden5E07	UZ	OksHW.a	Sag	2015	UZ	14		adult	AG	Oks	SNP_Selection	up	68.613991	-149.198929						
P5F7	2015-UZ-015	Golden5F07	UZ	OksHW.a	Sag	2015	UZ	15		adult	AG	Oks	SNP_Selection	up	68.613991	-149.198929						
P5G7	2015-UZ-016	Golden5G07	UZ	OksHW.a	Sag	2015	UZ	16		adult	AG	Oks	SNP_Selection	up	68.613991	-149.198929						
P5H7	2015-UZ-020	Golden5H07	UZ	OksHW.a	Sag	2015	UZ	20		adult	AG	Oks	SNP_Selection	up	68.613991	-149.198929						
P5A8	2015-UZ-021	Golden5A08	UZ	OksHW.a	Sag	2015	UZ	21		adult	AG	Oks	SNP_Selection	up	68.613991	-149.198929						
P5B8	2015-UZ-022	Golden5B08	UZ	OksHW.a	Sag	2015	UZ	22		adult	AG	Oks	SNP_Selection	up	68.613991	-149.198929						
P5C8	2015-UZ-023	Golden5C08	UZ	OksHW.a	Sag	2015	UZ	23		adult	AG	Oks	SNP_Selection	up	68.613991	-149.198929						
P5D8	2011-OksBH-OKSW028	Golden5D08	Oks2	OksSag.a	Sag	2011	OksBH	28		adult	AG	Oks	SNP_Selection	down	68.764232	-148.904292						approximate location
P5E8	2016-OksSag-OX023	Golden5E08	OksSag	OksSag.a	Sag	2016	OksSag	23		adult	AG	Oks	SNP_Selection	down	68.86308	-148.84487						
P5F8	2016-OksSag-OX027	Golden5F08	OksSag	OksSag.a	Sag	2016	OksSag	27		adult	AG	Oks	SNP_Selection	down	68.86308	-148.84487						
P5G8	2016-OKS3-001	Golden5G08	OKS3	OksSag.a	Sag	2016	OKS3	1		adult	AG	Oks	SNP_Selection	down	68.86308	-148.84487						
P5H8	2016-OKS3-002	Golden5H08	OKS3	OksSag.a	Sag	2016	OKS3	2		adult	AG	Oks	SNP_Selection	down	68.86308	-148.84487						
P5A9	2016-OKS3-003	Golden5A09	OKS3	OksSag.a	Sag	2016	OKS3	3		adult	AG	Oks	SNP_Selection	down	68.86308	-148.84487						
P5B9	2016-OKS3-005	Golden5B09	OKS3	OksSag.a	Sag	2016	OKS3	5		adult	AG	Oks	SNP_Selection	down	68.86308	-148.84487						
P5C9	2016-OKS3-007	Golden5C09	OKS3	OksSag.a	Sag	2016	OKS3	7		adult	AG	Oks	SNP_Selection	down	68.86308	-148.84487						
P5D9	2016-OKS3-008	Golden5D09	OKS3	OksSag.a	Sag	2016	OKS3	8		adult	AG	Oks	SNP_Selection	down	68.86308	-148.84487						
P5E9	2016-OKS3-013	Golden5E09	OKS3	OksSag.a	Sag	2016	OKS3	13		adult	AG	Oks	SNP_Selection	down	68.86308	-148.84487						
P5F9	2016-OKS3-014	Golden5F09	OKS3	OksSag.a	Sag	2016	OKS3	14		adult	AG	Oks	SNP_Selection	down	68.86308	-148.84487						
P5G9	2016-OKS3-016	Golden5G09	OKS3	OksSag.a	Sag	2016	OKS3	16		adult	AG	Oks	SNP_Selection	down	68.86308	-148.84487						
P5H9	2016-OKS3-020	Golden5H09	OKS3	OksSag.a	Sag	2016	OKS3	20		adult	AG	Oks	SNP_Selection	down	68.86308	-148.84487						
P5A10	2016-OKS3-021	Golden5A10	OKS3	OksSag.a	Sag	2016	OKS3	21		adult	AG	Oks	SNP_Selection	down	68.86308	-148.84487						
P5B10	2016-OKS3-023	Golden5B10	OKS3	OksSag.a	Sag	2016	OKS3	23		adult	AG	Oks	SNP_Selection	down	68.86308	-148.84487						
P5C10	2016-OKS3-024	Golden5C10	OKS3	OksSag.a	Sag	2016	OKS3	24		adult	AG	Oks	SNP_Selection	down	68.86308	-148.84487						
P5D10	2016-OKS3-027	Golden5D10	OKS3	OksSag.a	Sag	2016	OKS3	27		adult	AG	Oks	SNP_Selection	down	68.86308	-148.84487						
P5E10	2016-OKS3-037	Golden5E10	OKS3	OksSag.a	Sag	2016	OKS3	37		adult	AG	Oks	SNP_Selection	down	68.86308	-148.84487						
P5F10	2016-OKS3-039	Golden5F10	OKS3	OksSag.a	Sag	2016	OKS3	39		adult	AG	Oks	SNP_Selection	down	68.86308	-148.84487						
P5G10	2016-OKS3-047	Golden5G10	OKS3	OksSag.a	Sag	2016	OKS3	47		adult	AG	Oks	SNP_Selection	down	68.86308	-148.84487						
P5H10	2016-OKS3-050	Golden5H10	OKS3	OksSag.a	Sag	2016	OKS3	50		adult	AG	Oks	SNP_Selection	down	68.86308	-148.84487						
P5A11	2016-OKS3-051	Golden5A11	OKS3	OksSag.a	Sag	2016	OKS3	51		adult	AG	Oks	SNP_Selection	down	68.86308	-148.84487						
P5B11	2016-OKS3-057	Golden5B11	OKS3	OksSag.a	Sag	2016	OKS3	57		adult	AG	Oks	SNP_Selection	down	68.86308	-148.84487						
P5C11	2012-LSag-01	Golden5C11	LSag	OksSag.a	Sag	2012	LSag	1		adult	AG	Sag	SNP_Selection	down	68.866114	-148.838931						
P5D11	2012-LSag-02	Golden5D11	LSag	OksSag.a	Sag	2012	LSag	2		adult	AG	Sag	SNP_Selection	down	68.866114	-148.838931						
P5E11	2012-LSag-03	Golden5E11	LSag	OksSag.a	Sag	2012	LSag	3		adult	AG	Sag	SNP_Selection	down	68.866114	-148.838931						
P5F11	2012-LSag-04	Golden5F11	LSag	OksSag.a	Sag	2012	LSag	4		adult	AG	Sag	SNP_Selection	down	68.866114	-148.838931						
P5G11	2012-LSag-05	Golden5G11	LSag	OksSag.a	Sag	2012	LSag	5		adult	AG	Sag	SNP_Selection	down	68.866114	-148.838931						
P5H11	2012-LSag-06	Golden5H11	LSag	OksSag.a	Sag	2012	LSag	6		adult	AG	Sag	SNP_Selection	down	68.866114	-148.838931						
P5A12	2012-LSag-07	Golden5A12	LSag	OksSag.a	Sag	2012	LSag	7		adult	AG	Sag	SNP_Selection	down	68.866114	-148.838931						
P5B12	2012-LSag-09	Golden5B12	LSag	OksSag.a	Sag	2012	LSag	9		adult	AG	Sag	SNP_Selection	down	68.866114	-148.838931						
P5C12	2012-LSag-10	Golden5C12	LSag	OksSag.a	Sag	2012	LSag	10		adult	AG	Sag	SNP_Selection	down	68.866114	-148.838931						
P5D12	2011-TL-S3-30	Golden5D12	Toolik-S3	Kup.a	Kup	2011	Toolik-S3	30		adult	AG	Kup	SNP_Selection	up	68.62877	-149.62448						Toolik - Lake S3
P5E12	2015-TL-036	Golden5E12	Toolik	Kup.a	Kup	2015	Toolik	36		adult	AG	Kup	SNP_Selection	down	68.734727	-149.639792						Toolik - Outlet aufies spring - TOAS1
P6G4	2016-IML-ACh-219	Golden6G04	IM1	seq.IM1	Itk	2016	IM1	219		adult	ACh	Itk	GenomeSequencing	up								
P6H4	2016-IM2-ACh-018	Golden6H04	IM2	seq.IM2	Itk	2016	IM2	18		adult	ACh	Itk	GenomeSequencing	up								
P6A5	2015-OK-ACh-319	Golden6A05	OK	seq.OK	Sag	2015	OK	319		adult	ACh	Oks	GenomeSequencing	up								
P6B5	2015-OksHW-ACh-320	Golden6B05	OksHW	seq.OksHW	Sag	2015	OksHW	320		adult	ACh	Oks	GenomeSequencing	up								
P6C5	2015-OksHW-ACh-338	Golden6C05	OksHW	seq.OksHW	Sag	2015	OksHW	338		adult	ACh	Oks	GenomeSequencing	up								
P6D5	2015-OksHW-ACh-394	Golden6D05	OksHW	seq.OksHW	Sag	2015	OksHW	394		adult	ACh	Oks	GenomeSequencing	up								
P6E5	2015-Oks3-ACh-058	Golden6E05	Oks3	seq.Oks3	Sag	2015	Oks3	58		adult	ACh	Oks	GenomeSequencing	down								
P6F5	2016-Oks3-ACh-093	Golden6F05	Oks3	seq.Oks3	Sag	2016	Oks3	93		adult	ACh	Oks	GenomeSequencing	down								
P6G5	2016-Oks3-ACh-107	Golden6G05	Oks3	seq.Oks3	Sag	2016	Oks3	107		adult	ACh	Oks	GenomeSequencing	down								
P6H5	2016-Oks3-ACh-120	Golden6H05	Oks3	seq.Oks3	Sag	2016	Oks3	120		adult	ACh	Oks	GenomeSequencing	down								
P6A6	2016-Oks3-ACh-122	Golden6A06	Oks3	seq.Oks3	Sag	2016	Oks3	122		adult	ACh	Oks	GenomeSequencing	down								
P6B6	2016-Oks3-ACh-124	Golden6B06	Oks3	seq.Oks3	Sag	2016	Oks3	124		adult	ACh	Oks	GenomeSequencing	down								
P6C6	2015-UZ-ACh-01	Golden6C06	UZ	seq.UZ	Sag	2015	UZ	1		adult	ACh	Oks	GenomeSequencing	up								
P6D6	2015-UZ-ACh-02	Golden6D06	UZ	seq.UZ	Sag	2015	UZ	2		adult	ACh	Oks	GenomeSequencing	up								
P6E6	2015-UZ-ACh-03	Golden6E06	UZ	seq.UZ	Sag	2015	UZ	3		adult	ACh	Oks	GenomeSequencing	up								
P6F6	2016-IM-BB-007	Golden6F06	IM	seq.IM	Itk	2016	IM	7		adult	BB	Itk	GenomeSequencing	up								
P6G6	2016-IM-BB-014	Golden6G06	IM	seq.IM	Itk	2016	IM	14		adult	BB	Itk	GenomeSequencing	up								
P6H6	2015-Oks-BB-274	Golden6H06	Oks	seq.Oks	Sag	2015	Oks	274		adult	BB	Oks	GenomeSequencing	up								
P6A7	2015-Oks-BB-275	Golden6A07	Oks	seq.Oks	Sag	2015	Oks	275		adult	BB	Oks	GenomeSequencing	up								
P6B7	2015-UZ-BB-02	Golden6B07	UZ	seq.UZ	Sag	2015	UZ	2		adult	BB	Oks	GenomeSequencing	up								
P6C7	2016-IM-LT-026	Golden6C07	IM	seq.IM	Itk	2016	IM	26		adult	LT	Itk	GenomeSequencing	up								
P6D7	2016-IM-LT-031	Golden6D07	IM	seq.IM	Itk	2016	IM	31		adult	LT	Itk	GenomeSequencing	up								
P6E7	2016-IM-LT-043	Golden6E07	IM	seq.IM	Itk	2016	IM	43		adult	LT	Itk	GenomeSequencing	up								
P6F7	2016-IM-LT-067	Golden6F07	IM	seq.IM	Itk	2016	IM	67		adult	LT	Itk	GenomeSequencing	up								
P6G7	2016-GCL-LT-001	Golden6G07	GCL	seq.GCL	Kup	2016	GCL	1		adult	LT	Kup	GenomeSequencing	up								
P6H7	2016-GCL-LT-002	Golden6H07	GCL	seq.GCL	Kup	2016	GCL	2		adult	LT	Kup	GenomeSequencing	up								
P6A8	2016-GCL-LT-003	Golden6A08	GCL	seq.GCL	Kup	2016	GCL	3		adult	LT	Kup	GenomeSequencing	up								
P6B8	2016-GCL-LT-004	Golden6B08	GCL	seq.GCL	Kup	2016	GCL	4		adult	LT	Kup	GenomeSequencing	up								
P6C8	2016-IM-RW-019	Golden6C08	IM	seq.IM	Itk	2016	IM	19		adult	RW	Itk	GenomeSequencing	up								
P6D8	2016-IM-RW-025	Golden6D08	IM	seq.IM	Itk	2016	IM	25		adult	RW	Itk	GenomeSequencing	up								
P6E8	2015-IM-RW-050	Golden6E08	IM	seq.IM	Itk	2015	IM	50		adult	RW	Itk	GenomeSequencing	up								
P6F8	2016-Oks3-RW-028	Golden6F08	Oks3	seq.Oks3	Sag	2016	Oks3	28		adult	RW	Oks3	GenomeSequencing	down								
P6G8	2015-Oks3-RW-054	Golden6G08	Oks3	seq.Oks3	Sag	2015	Oks3	54		adult	RW	Oks3	GenomeSequencing	down								
P6H8	2016-IM-SS-010	Golden6H08	IM	seq.IM	Itk	2016	IM	10		adult	SS	Itk	GenomeSequencing	up								
P6A9	2016-IM-SS-012	Golden6A09	IM	seq.IM	Itk	2016	IM	12		adult	SS	Itk	GenomeSequencing	up								
P6B9	2015-UZ-SS-02	Golden6B09	UZ	seq.UZ	Sag	2015	UZ	2		adult	SS	Oks	GenomeSequencing	up								
P6C9	2016-OK-SS-073	Golden6C09	OK	seq.OK	Sag	2016	OK	73		adult	SS	Oks	GenomeSequencing	up								
P6D9	2015-UZ-SS-04	Golden6D09	UZ	seq.UZ	Sag	2015	UZ	4		adult	SS	Oks	GenomeSequencing	up								
P5F12	2017-CGK-001	Golden5H12	CGK	Kup.a	Kup	2017	CGK	1		adult	AG	CGK	CommonGarden	up	68.53722	-149.24829	K1	34.1	317.2	37909116692740	F	
P5G12	2017-CGK-002	Golden5F12	CGK	Kup.a	Kup	2017	CGK	2		adult	AG	CGK	CommonGarden	up	68.53722	-149.24829	K2	31.2	344.1	228000182455	F	
P5H12	2017-CGK-003	Golden5G12	CGK	Kup.a	Kup	2017	CGK	3		adult	AG	CGK	CommonGarden	up	68.53722	-149.24829	K1/2	44.4	706.8	157362820	M	
P6A1	2017-CGK-004	Golden6A01	CGK	Kup.a	Kup	2017	CGK	4		adult	AG	CGK	CommonGarden	up	68.53722	-149.24829	K3	36.7	387.4	181622642	F	
P6B1	2017-CGK-005	Golden6B01	CGK	Kup.a	Kup	2017	CGK	5		adult	AG	CGK	CommonGarden	up	68.53722	-149.24829	K4	35.6	396.8	181622634	F	
P6C1	2017-CGK-006	Golden6C01	CGK	Kup.a	Kup	2017	CGK	6		adult	AG	CGK	CommonGarden	up	68.53722	-149.24829	K3/4	44.3	681	174476590	M	
P6D1	2017-CGK-007	Golden6D01	CGK	Kup.a	Kup	2017	CGK	7		adult	AG	CGK	CommonGarden	up	68.53722	-149.24829	K5	36.3	411.2	1816226445	F	Check ending on this tag number. Too many digits - one must be wrong. (possibly an extra 4)
P6E1	2017-CGK-008	Golden6E01	CGK	Kup.a	Kup	2017	CGK	8		adult	AG	CGK	CommonGarden	up	68.53722	-149.24829	K6	37.4	430.5	181622450	F	
P6F1	2017-CGK-009	Golden6F01	CGK	Kup.a	Kup	2017	CGK	9		adult	AG	CGK	CommonGarden	up	68.53722	-149.24829	K5/6	38.5	493.8	181622563	M	
P6G1	2017-CGK-010	Golden6G01	CGK	Kup.a	Kup	2017	CGK	10		adult	AG	CGK	CommonGarden	up	68.53722	-149.24829	K7	34.5	325.6	181622384	F	
P6H1	2017-CGK-011	Golden6H01	CGK	Kup.a	Kup	2017	CGK	11		adult	AG	CGK	CommonGarden	up	68.53722	-149.24829	K8	39	495.5	181622422	F	
P6A2	2017-CGK-012	Golden6A02	CGK	Kup.a	Kup	2017	CGK	12		adult	AG	CGK	CommonGarden	up	68.53722	-149.24829	K7/8	39.7	507.5	181622385	M	
P6B2	2017-CGK-013	Golden6B02	CGK	Kup.a	Kup	2017	CGK	13		adult	AG	CGK	CommonGarden	up	68.53722	-149.24829	K9	37.2	388.8	181622630	F	
P6C2	2017-CGK-014	Golden6C02	CGK	Kup.a	Kup	2017	CGK	14		adult	AG	CGK	CommonGarden	up	68.53722	-149.24829	K10	35.3	338.5	181622526	F	
P6D2	2017-CGK-015	Golden6D02	CGK	Kup.a	Kup	2017	CGK	15		adult	AG	CGK	CommonGarden	up	68.53722	-149.24829	K9/10	40	511.8	174439596	M	
P6E2	2017-CGK-016	Golden6E02	CGK	Kup.a	Kup	2017	CGK	16		adult	AG	CGK	CommonGarden	up	68.53722	-149.24829	K11	34.6	328.1	181622602	F	
P6F2	2017-CGK-017	Golden6F02	CGK	Kup.a	Kup	2017	CGK	17		adult	AG	CGK	CommonGarden	up	68.53722	-149.24829	K/12	36.3	346.8	181622603	F	
P6G2	2017-CGK-018	Golden6G02	CGK	Kup.a	Kup	2017	CGK	18		adult	AG	CGK	CommonGarden	up	68.53722	-149.24829	K11/12	39.1	486.3	181622681	M	
P6H2	2017-CGK-019	Golden6H02	CGK	Kup.a	Kup	2017	CGK	19		adult	AG	CGK	CommonGarden	up	68.53722	-149.24829	K13	39.1	431.2	181622482	F	
P6A3	2017-CGK-020	Golden6A03	CGK	Kup.a	Kup	2017	CGK	20		adult	AG	CGK	CommonGarden	up	68.53722	-149.24829	K14	38.7	477.3	157361341	F	
P6B3	2017-CGK-021	Golden6B03	CGK	Kup.a	Kup	2017	CGK	21		adult	AG	CGK	CommonGarden	up	68.53722	-149.24829	K13/14	39.9	496	181622404	M	
P6C3	2017-CGK-022	Golden6C03	CGK	Kup.a	Kup	2017	CGK	22		adult	AG	CGK	CommonGarden	up	68.53722	-149.24829	K15	41.1	555.2	181622405	F	
P6D3	2017-CGK-023	Golden6D03	CGK	Kup.a	Kup	2017	CGK	23		adult	AG	CGK	CommonGarden	up	68.53722	-149.24829	K16	36.5	374.7	181624272	F	
P6E3	2017-CGK-024	Golden6E03	CGK	Kup.a	Kup	2017	CGK	24		adult	AG	CGK	CommonGarden	up	68.53722	-149.24829	K15/16	39.8	493.6	181622587	M	
P6F3	2017-CGO3-001	Golden6F03	CGO3	OksSag.a	Sag	2017	CGO3	1		adult	AG	CGO3	CommonGarden	down	68.863389	-148.845022	O3-1	37	377.6	228000182410	F	
P6G3	2017-CGO3-007	Golden6G03	CGO3	OksSag.a	Sag	2017	CGO3	7		adult	AG	CGO3	CommonGarden	down	68.863389	-148.845022	O3-2	34.3	292.2	228000182408	F	
P6H3	2017-CGO3-008	Golden6H03	CGO3	OksSag.a	Sag	2017	CGO3	8		adult	AG	CGO3	CommonGarden	down	68.863389	-148.845022	O3-1/2	40.4	315.8	228000182407	M	
P6A4	2017-CGO3-009	Golden6A04	CGO3	OksSag.a	Sag	2017	CGO3	9		adult	AG	CGO3	CommonGarden	down	68.863389	-148.845022	O3-3	33.6	263.1	228000182405	F	
P6B4	2017-CGO3-010	Golden6B04	CGO3	OksSag.a	Sag	2017	CGO3	10		adult	AG	CGO3	CommonGarden	down	68.863389	-148.845022	O3-4	31.5	245.9	228000182404	F	
P6C4	2017-CGO3-011	Golden6C04	CGO3	OksSag.a	Sag	2017	CGO3	11		adult	AG	CGO3	CommonGarden	down	68.863389	-148.845022	O3-3/4	40.9	294.3	228000182406	M	
P6D4	2017-CGO3-013	Golden6D04	CGO3	OksSag.a	Sag	2017	CGO3	13		adult	AG	CGO3	CommonGarden	down	68.863389	-148.845022	O3-5	31.5	228.3	228000182401	F	
P6E4	2017-CGO3-014	Golden6E04	CGO3	OksSag.a	Sag	2017	CGO3	14		adult	AG	CGO3	CommonGarden	down	68.863389	-148.845022	O3-5/6	40.2	459.6	228000182485	M	
P6F4	2017-CGO3-016	Golden6F04	CGO3	OksSag.a	Sag	2017	CGO3	16		adult	AG	CGO3	CommonGarden	down	68.863389	-148.845022	O3-6	33.5	303.3	228000182403	F	